timestamp,y
0,0.0024886192856889977
1,-0.1140278177246481
2,-0.06195894974124361
3,0.03816904066200966
4,0.0417958802770686
5,0.0280729729527458
6,-0.03804603850823263
7,0.024607444672523293
8,-0.05525782685593139
9,-0.03381165828602217
10,0.00800814975810038
11,-0.17030572694913548
12,-0.23755771549530547
13,0.16400235279402953
14,-0.0083600518607998
15,-0.04339384068730556
16,0.054110059297181046
17,0.021270735850478673
18,-0.016641349425745133
19,0.07114626123199308
20,0.028283267563904424
21,-0.0022604556308021273
22,0.06229262485473264
23,0.023411802380044477
24,0.07497944406522539
25,-0.03724435725045616
26,-0.11900073718364457
27,-0.0017200206333916057
28,-0.030823974429389445
29,-0.04038043738172892
30,0.042793322036319914
31,0.04840574994570179
32,-0.04710245086440956
33,-0.0018277448453041245
34,-0.043893507993349345
35,0.023466183275696828
36,0.02439119754380581
37,-0.019248477480192427
38,-0.014890187808608069
39,-0.0012319433610068486
40,-0.0029793698690667725
41,0.011697676548012126
42,0.059787107445751886
43,0.08892349379425557
44,-0.09148384584019986
45,-0.004190582960673872
46,0.04091862847771832
47,-0.030356363592726865
48,0.016605190341726583
49,0.01444469055157871
50,0.003092238871982289
51,-0.03561998071591699
52,0.012277195944320418
53,-0.0006574070841036672
54,-0.005312847871439708
55,-0.004406063968622753
56,0.07102164294766755
57,0.001712282492501771
58,0.02308907017458761
59,0.057746310397056355
60,0.021645212985012208
61,-0.03104098668249211
62,0.011236844892018816
63,-0.012589019563884918
64,0.012889423033743519
65,-0.0069267640018955134
66,0.0541055553911578
67,0.007406767027843486
68,0.01570745332394985
69,-0.006855895378802934
70,-0.031112180379341048
71,-0.012171736547596623
72,0.015865791211225222
73,0.014558606023415521
74,-0.01766405904477253
75,-0.10791478367740215
76,0.01789976631377943
77,0.0031414604385737732
78,-0.006608245488491704
79,0.030059926984876917
80,-0.00456331916804853
81,-0.0825905218532661
82,0.002448211017894053
83,0.009439546802021859
84,-0.006065833740133364
85,0.023085000457077953
86,-0.040711102459654924
87,0.019635966134509353
88,-0.013429797994593429
89,0.012403125199170972
90,0.022920312531112152
91,0.005191934481622695
92,-0.0024605390743541733
93,0.02683829306360952
94,-0.019787843949012895
95,-0.00909044591944319
96,-0.03275265389486304
97,-0.005508562383289117
98,-0.03170258338758991
99,0.0020311955561362893
100,-0.0016881656356906305
101,-0.05021671457956245
102,-0.0244657067673959
103,0.021102726636105906
104,0.02095542078042989
105,-0.02521312519580743
106,0.0021244232660846407
107,-0.003390457413688708
108,0.0090603622167853
109,0.04629269993654095
110,-0.0046565809108258804
111,0.009714594733087445
112,-0.022210307810531127
113,-0.021318061379512088
114,-0.031225931376802407
115,0.043936871246001985
116,-0.015076931389111259
117,-0.000208106801160568
118,0.04476096650210959
119,-0.0173682328997824
120,0.012209757927329257
121,0.02284191943443492
122,-0.005590600314612892
123,-0.012194490570728078
124,-0.0272133715324534
125,0.03233740691424458
126,0.027138189042092087
127,-0.008363345997192795
128,-0.006371754642038319
129,0.00771890674817044
130,-0.0043288715343843265
131,-0.019833570375609177
132,0.0023325383734178473
133,0.002849091256635461
134,-0.006129713522271096
135,0.0027444576335682314
136,-0.01563667256272261
137,-0.005078760472612132
138,0.008889134295102963
139,0.005650190252098675
140,0.021039654392676077
141,-0.006160084501104279
142,0.008674087312006584
143,-0.01607773483048547
144,2.529049072919065e-05
145,0.0007040801201423363
146,0.000526658396228008
147,-0.0013151069966266249
148,-0.01594704270682712
149,-0.013612984892928282
150,-0.03206521063768797
151,0.012823055324273192
152,0.00031438017957174935
153,-0.006885832118475932
154,0.0027955694507655338
155,0.002960722881836908
156,-0.012209768590978776
157,0.0248500802334366
158,0.002443544510369655
159,-0.0010702625984198022
160,0.00393454085390843
161,0.0012051366843479627
162,0.010467578165981095
163,0.004897611391449175
164,0.013946807230270863
165,0.05772152352003612
166,-0.006441746888821598
167,-0.0011117713391541884
168,-0.017832259441455278
169,0.002474401130183601
170,-0.005184473648919052
171,0.01240918046262518
172,-0.010967245914400792
173,-0.015598171178905496
174,0.00945146884397463
175,0.003268956967133363
176,0.02991023864998521
177,-0.00791604101802168
178,0.0318279845169851
179,0.023102661546717584
180,-0.017064046599051252
181,-0.012485740380607346
182,0.003611140537128854
183,0.017594399701258645
184,0.041398663649037104
185,-0.010659248530481946
186,-0.010548688624993474
187,0.017050957210580364
188,-0.005766569135055022
189,0.05655863250545501
190,0.028447765197700647
191,0.05880019194966213
192,-0.06242651475623262
193,-0.015841069719805922
194,-0.005703832709607504
195,-0.027452597215516406
196,0.004960886812377829
197,-0.016491018120761147
198,-0.004692632405765451
199,0.019425230515445868
200,-0.011347996066651156
201,0.005022936197976335
202,-0.0042401477702131984
203,0.043346917965857656
204,0.0014523190754855975
205,0.013722713943767673
206,0.0031996352966512376
207,0.0027310880836211027
208,-0.016564984356815415
209,-0.0064714333140720726
210,-0.010734349613804817
211,-0.010769111724396652
212,0.0035908351551849904
213,-0.004919921450150966
214,0.014091618850608612
215,-0.011765251841824309
216,-0.011794015540393943
217,0.003611842885058003
218,-0.06879738173945338
219,0.015534065416502152
220,-0.0023151860348411546
221,0.022122689185006372
222,-0.014941646019162036
223,-0.008656834399337399
224,0.006040512802955256
225,-0.01566327593274064
226,-0.011706545070411245
227,-0.0020561200546929115
228,-0.20063416232442677
229,0.0713245563578564
230,0.037516791304678776
231,-0.011886837538968464
232,-0.009413433789144499
233,-0.009686912182081286
234,-0.08062473359634037
235,0.05145266189809483
236,0.018872365248561174
237,-0.004713708157641605
238,0.029057315980820952
239,-0.007008187531501342
240,-0.0044445267445754055
241,0.005644959118663806
242,-0.008446556918348946
243,0.005085195369725959
244,-0.009205540744851248
245,0.01361828629261641
246,0.02029220950741273
247,0.0203056690919432
248,2.9201476094975476e-05
249,0.015555028445460195
250,-0.022579945075460905
251,0.0012965866748837485
252,0.00681174434529197
253,-0.02052511060196771
254,-0.02025663112683329
255,0.0005724908294615361
256,-0.0014752050165762753
257,-0.005280859583558062
258,0.0031335504931133684
259,0.013678307924647193
260,-0.006381558728588921
261,-0.001214556289713009
262,-0.018010636554185666
263,0.01543821932437428
264,-0.0014536376070193313
265,0.018270269270815653
266,0.0026188032116554183
267,-0.003425043884538681
268,-0.006778029461708357
269,0.02706250346100969
270,-0.01031893239891879
271,-0.002652578554447338
272,0.006287901367532989
273,-0.0010782396311617148
274,0.00603752692685422
275,-0.0019748597834947645
276,0.0088751378666716
277,0.023354148687660725
278,-0.01265377602231954
279,-0.0027406993970222615
280,0.006692257742013652
281,0.004131944378731767
282,0.008573415850475996
283,-0.007076199258949423
284,0.016976402807395097
285,0.009894468274496582
286,0.009207915934275057
287,0.033062418315287445
288,0.029133814880569098
289,-0.0338085789053455
290,0.006833295002768303
291,0.022616842061920828
292,-0.011912782119455123
293,0.028693727253368273
294,0.008984280367577924
295,0.018482975533646417
296,0.00716747871519452
297,0.005694398925500721
298,0.029317184247969585
299,0.036200170596791814
300,0.02987256054086007
301,0.0441282528852005
302,-0.043137922471269796
303,0.03522899562797299
304,0.10425089733390269
305,0.11056939286686607
306,0.019991331284303193
307,-0.0632080206022696
308,-0.031242361543841746
309,0.03157358504810137
310,-0.03452072206175405
311,0.018282750549876603
312,-0.12130161493200742
313,-0.07948267475756055
314,0.08343250231798294
315,-0.004145825976570983
316,-0.011489510937649605
317,-0.039020620675381146
318,0.032526283053829985
319,0.013045224166090108
320,-0.0015051812647568497
321,-0.025551598987974877
322,-0.012734415693713252
323,0.01511703431131739
324,-0.007340407360659995
325,-0.00460180604072935
326,-0.00932999277102109
327,0.02517673649736185
328,0.07193100419943832
329,0.01507783125161044
330,-0.0018478030727120398
331,0.03819174564629346
332,0.01610210351494601
333,-0.040104933740255255
334,-0.009148211621262448
335,0.005162169451390142
336,0.005901531467588761
337,0.06854136502537322
338,-0.00042692245829734077
339,0.0172205138958752
340,0.04939236490664456
341,0.004801203895183015
342,-0.005003322142095534
343,0.0841128954484418
344,-0.03820582051168042
345,-0.0028592860113265672
346,0.023754533912740072
347,0.046493117218615154
348,-0.022575188405546953
349,0.0025115213867517028
350,0.01639276364644271
351,-0.0027950191188734763
352,-0.043403147811036824
353,-0.009181682084783205
354,-0.004723479133980746
355,0.013263423371260963
356,0.028047706368313108
357,0.0014671689620477935
358,-0.08798853937524864
359,0.013210598374461036
360,-0.001287433775797986
361,0.025032256844191636
362,-0.014804794390454568
363,0.009209236604592164
364,0.0087109452403622
365,-0.0020651206226824925
366,-0.007937979079086332
367,0.007137117514958824
368,-0.002614903893656262
369,-0.006631301754832286
370,0.06527232134918748
371,-0.010574244034119218
372,-0.012475212401744429
373,0.0008486021915263819
374,0.0009750167059738857
375,-0.028817166747445278
376,-0.007646965823602692
377,-0.004787438127617172
378,-0.16643380526657747
379,0.06174599774960399
380,-0.013605721094879897
381,0.01265565113903655
382,-0.01829545901698637
383,0.10023896012970912
384,-0.024006242647882203
385,-0.07008821442776725
386,0.012984866282223173
387,0.03917200387198161
388,-0.028301970204966054
389,0.0010894589086651862
390,0.007162729626808861
391,-0.03788334415456074
392,-0.002145413118275208
393,-0.0032174964557381003
394,-0.025403580608563736
395,0.01156353811667632
396,0.00372439452940565
397,-0.012087764139590895
398,0.05173998404095492
399,-0.00784648837057933
400,-0.026282180931772814
401,0.0002602216956022474
402,-0.008460639214486143
403,0.006890176622256661
404,0.014835057495083959
405,-0.005241013735836297
406,0.012066925497951964
407,0.01957738050316582
408,0.0384735676102439
409,-0.017451229283921066
410,0.018084566484096065
411,0.021447477040665852
412,0.0144297987573756
413,-0.003766753265905365
414,0.038186390982013485
415,0.003730765878716902
416,-0.0023958099741205885
417,-0.03963782937665261
418,0.009977708754210113
419,-0.0009675826813184685
420,0.01776173016747684
421,0.0008488879767352131
422,0.002274733499286974
423,0.009625851196028101
424,-0.005898152327930006
425,-0.02592117345278666
426,-0.005529583775895297
427,-0.025733186267470565
428,-0.02555622265816382
429,0.017660229918132764
430,0.01609228951048891
431,-0.0008427683488401172
432,0.0021427764853756415
433,0.00545927121582146
434,0.01087010289601853
435,-0.0241601586229514
436,0.005912678130918003
437,0.005714590613499659
438,0.0009408697604209593
439,0.00043413495998567697
440,0.008619628357029008
441,-0.02667807324424576
442,0.0021853785050236496
443,0.008034521831448593
444,-0.0010833482479979395
445,0.011503628063921134
446,-0.00011482461319456405
447,-0.003947520896867118
448,0.0018786395368985964
449,0.0018392655901022792
450,0.020883682321596098
451,-0.005955455919149699
452,-0.01835323371311315
453,-0.004089783762666777
454,0.004601068441725253
455,0.0029495739086859984
456,0.006945378098913935
457,7.366763457916647e-05
458,0.001282150902153667
459,0.006117294209925461
460,-0.0014561557733854258
461,-0.0015788999563630668
462,-0.005683832552028534
463,-0.002233944604240534
464,0.005120221902404687
465,0.002177619762901095
466,0.006386920242425376
467,-0.003430212977198366
468,0.0012924383800099193
469,0.01271921454071201
470,0.001996962758353149
471,-0.007396563983103732
472,0.002785119886191012
473,0.0160123759529327
474,0.013411121805217086
475,0.018042370819080666
476,-0.008239869878302386
477,0.010144991001068249
478,0.018206143015635057
479,0.006241458369899533
480,0.010054896687550219
481,-0.04700588971564468
482,0.009676665628468584
483,0.013463193902922832
484,-0.015007762991123386
485,0.007902806121518502
486,-0.0160753934680109
487,0.012592678802025858
488,-0.007986434929728503
489,0.0028032456633386715
490,0.02562337748220056
491,-0.002324237518540606
492,2.6155527756976937e-05
493,0.0042109578579276885
494,-0.021041470263289952
495,0.004057024567579504
496,0.004491484985559069
497,0.00198591116630098
498,2.143133023047028e-06
499,0.004154456691545683
500,-0.007469340532431978
501,-0.0008370650055065099
502,0.0018405921427779859
503,-0.03560968804456888
504,0.008988122730631432
505,0.0011559189106851164
506,-0.008759131625917682
507,0.010938696675652615
508,0.004102724435104399
509,0.008079749908501022
510,0.008383382240354287
511,0.04333640303418651
512,0.11287657646153537
513,-0.007208408249861797
514,0.014397124792801641
515,-0.0046524887371504065
516,0.010360414042520638
517,0.0019574102710908647
518,0.0564147858021844
519,0.0061878736237028775
520,0.003920876676725804
521,0.018199331047312306
522,-0.015385797185729189
523,0.00871677354499134
524,-0.012133965657505463
525,0.004930078348693634
526,0.04942247784544396
527,0.10334540197584108
528,0.04588794913443195
529,-0.027077676729200917
530,0.012912921843862613
531,0.09843663970118577
532,-0.022966679788031463
533,0.009724105855092091
534,0.00993952443153745
535,-0.03538659489137963
536,-0.10062637470045921
537,-0.11183281125116817
538,0.045678166593958736
539,0.0641230882631163
540,-0.00026461587682646837
541,-0.05525740531723855
542,0.04034047275833963
543,-0.012707228240071089
544,-0.01105149439629649
545,0.05094960079975497
546,0.004384970078765704
547,0.03972412820578164
548,-0.0661414652854635
549,0.0372500816003587
550,-0.019250508084877715
551,0.00994694898291204
552,-0.05581413144886582
553,0.03972872871268418
554,-0.023626432892049465
555,-0.002460990247985073
556,-0.0026229218977027458
557,0.02574734485411767
558,-0.015288944121917503
559,0.0055007510560551864
560,0.00783606920163038
561,-0.0037582138956775424
562,0.027895545199186245
563,-0.009394022492954512
564,-0.000359598492436497
565,-0.010726667292042968
566,-0.0010114604291144857
567,-0.021880875640585273
568,0.007559530760041788
569,0.008701094514186991
570,-0.010929235856856678
571,-0.0035424219096125142
572,0.003932203843779902
573,0.0010432110288771668
574,0.002983220215593718
575,-0.002964864225579511
576,-0.04746581641342207
577,-0.02991248274860503
578,-0.10203010339079022
579,0.033922473824014254
580,0.020852690662256812
581,-0.005628873840730186
582,0.02190447893396641
583,0.008322149488365405
584,-0.002764089776312595
585,-0.005518912614127736
586,0.007292153979075344
587,-0.005050762660932406
588,-0.002653187514032318
589,-0.0033602099289042897
590,-0.026150611665026524
591,-0.005683403271326881
592,0.017820376550906403
593,-0.007340238932528997
594,0.001920622984813214
595,0.002281863684742369
596,0.010484628874761981
597,-0.000669022229165428
598,0.009323223506195077
599,-0.005705201028606055
600,-0.005556871584669665
601,-0.00418159451696809
602,0.0032659352920632045
603,-0.01688278823394196
604,0.006932640596470918
605,0.00033972840024976136
606,0.005897840381638986
607,-0.0035230737927989253
608,-0.005522013463223452
609,0.0056349620901192665
610,0.038641668590061684
611,0.017271891548303664
612,-0.0033639020321434288
613,0.006320259493134195
614,0.0067071261444615615
615,0.018974462843429407
616,-0.005531585770423675
617,0.0010397382473277261
618,-0.02729741326030144
619,0.00250870010242199
620,0.0016395239549114038
621,0.0023657090055397845
622,-0.005795513908027239
623,-0.00029981489520380933
624,-0.0016307484363773384
625,0.006398819300182268
626,-0.0010614932563646207
627,-0.0015029961233068434
628,-0.018521286090436462
629,-0.0014261435254931953
630,0.010914608078407717
631,-0.0003599932414832807
632,-0.0029897562714502612
633,0.011940295680518354
634,-0.0030917504072913715
635,-0.002375086351408484
636,0.0015944303814814376
637,0.006651166765530903
638,0.0069427810234241605
639,-0.005046962251340936
640,0.0020293406888400867
641,-0.0031562781033382947
642,0.0037735852395117675
643,0.0008323076058101009
644,0.0066658822718954625
645,0.0032146168948319342
646,-0.003812664724327952
647,0.003628588391386245
648,0.03504619905906736
649,-0.007641377949792805
650,0.0009332355641280543
651,0.005624946282864585
652,-0.002708308374872459
653,0.004663039034061178
654,-0.003806910666838803
655,-0.001930812611864674
656,-0.011730713161854034
657,0.0005342972035951021
658,0.0031194639533138613
659,0.03793274874151731
660,-0.0003393615391997784
661,-0.0050502347652336965
662,0.005836794377413135
663,0.03101697407941284
664,0.014648070528238577
665,0.001942014633561584
666,0.035367937275241346
667,-0.017813938679665853
668,-0.0012717508386614895
669,0.0402930513962616
670,0.015008828651200012
671,-0.07296402147635561
672,0.02088531649560199
673,0.0002602552763999455
674,0.011454947164835083
675,-0.011863106911188304
676,0.00950770194981132
677,0.018735864175560835
678,-0.010757646118391584
679,0.0012249273056292864
680,-0.015979621136042788
681,-0.004296847536326531
682,0.004250013120778995
683,0.009315097840551623
684,0.04476444393221435
685,-0.00433755399513025
686,0.014214767311386822
687,4.125311033220669e-05
688,-0.02777656409281981
689,0.011184405960807275
690,0.01623414137531043
691,-0.009028479985516036
692,-0.0057984430428073
693,0.0018354151713557698
694,-0.008485949660177461
695,-0.004561827647719063
696,0.00514770409300791
697,-0.0002840586693171332
698,0.013619341360082693
699,0.014753367423404384
700,0.027589858691594138
701,-0.0087650742762575
702,0.0035170682626715077
703,-0.019800038791605523
704,0.007254480199637037
705,0.005100679537056507
706,0.0034802886525930887
707,0.002570620284196856
708,0.0023988188516321785
709,-0.006370219326260695
710,0.01336429337041345
711,0.0006011050423326836
712,0.001184335419024407
713,-0.004351215826300603
714,0.008725572393617043
715,0.007516519385485587
716,-0.00037809276351818966
717,0.002758843640726205
718,0.010243612033812077
719,0.040864183761444295
720,0.03562726506814062
721,0.06433033120214748
722,-0.02544283836463368
723,-0.0029404263277355014
724,0.012670140107804428
725,0.027802640113682386
726,0.04476426663918254
727,-0.002486908854591796
728,-0.012672740567105656
729,0.002602629691137004
730,0.035254245031350884
731,0.02319323561568165
732,0.021389344804025434
733,0.10096034523200359
734,-0.1305752503587252
735,-0.11620924119418063
736,0.007051147530085622
737,0.002872818355796447
738,-0.009229224484763598
739,0.0053587472913489975
740,-0.15447664907682235
741,0.03422186501689417
742,0.023515097351718417
743,-0.006785261137378207
744,0.004128728905042678
745,0.011777592965048989
746,0.08790389778017538
747,-0.02376187851963607
748,0.013950027432390044
749,-0.004511461114076631
750,0.029463579406781015
751,0.0031237843530167453
752,-0.003967041519035597
753,-0.031237062820324013
754,0.00987059326696027
755,0.017639684998949967
756,0.0023555870752023367
757,0.001998574343793358
758,-0.0022748052839061117
759,0.0009631589010199448
760,0.05292264278631098
761,0.019006132801863806
762,0.022768592259201803
763,0.01774054215906329
764,0.012533864584718835
765,-0.015032413323471161
766,0.010467402259395797
767,0.022101353214739383
768,0.001619238325925032
769,-0.06679373711864844
770,-0.005757777136341957
771,0.015830756402560375
772,-0.005259445444450783
773,-0.008582726834247545
774,0.013941699990017042
775,0.002912476248507545
776,0.019618070354986195
777,0.018103858479592283
778,0.007816821423608289
779,-0.006231366653728365
780,0.030182976618057467
781,0.032180966437300285
782,0.0019168315546735926
783,0.04315606560435903
784,0.005947789654450197
785,-0.02575316445722109
786,0.01850171104290599
787,0.012596285399297358
788,0.0
789,0.03540895276981093
790,0.02305329049724314
791,0.018987094918869296
792,-0.01568322097796848
793,0.009491498113520791
794,0.004496128401150656
795,-0.039494404934135474
796,-0.06198638601041129
797,0.032921643223535746
798,-0.062287794611084024
799,0.05157845284233975
800,0.03800712718862531
801,0.008592592591656789
802,0.006537416006713315
803,0.007720111292730536
804,-0.05072016609052099
805,-0.07659209371416775
806,-0.12205008924073013
807,0.06261202328713988
808,0.016729458954285903
809,0.06100012272536581
810,-0.0658399519210997
811,-0.010106803783773266
812,-0.10238115832507777
813,0.03691880349154797
814,-0.006242870215820595
815,0.07859470878677666
816,0.0013187365535509699
817,-0.0068803730046616
818,-0.013105023821427864
819,0.0432433697911625
820,0.008093712582577517
821,0.019857106712705352
822,0.037083842797371425
823,-0.00927523563605881
824,-0.007502123814714601
825,0.050195608063321906
826,-0.004899211441568241
827,-0.0008075936023832497
828,0.010085493189349037
829,-0.0006231496912176837
830,0.014949240225947236
831,-0.0038580352329784517
832,-0.026241638711645088
833,-0.0014891951498530176
834,0.004256290746533331
835,0.008847520245842233
836,0.0092308482079142
837,0.014765945740239594
838,-0.0011395770242774717
839,0.015405853693440719
840,-0.005736069884235917
841,0.007873599679879106
842,-0.02009153636734684
843,0.034951683932622934
844,0.012195827596242381
845,0.012244046631327166
846,0.028207106559154482
847,-0.0009490512239791471
848,0.004025414930822535
849,0.019553509516994083
850,0.05324256303040009
851,0.021723477635178234
852,0.025330039559928963
853,0.031431814391310375
854,0.011496549171071457
855,0.014900234291777892
856,0.01128014206288519
857,0.07632481902191035
858,0.018403898923351925
859,0.017937028143165
860,0.03380135427898434
861,-0.06962597013852267
862,0.04572437995723799
863,0.0022137248439948465
864,-0.03974203487147232
865,-0.0022921058464477895
866,0.05858053337167224
867,0.026591435579729428
868,0.05112090162962346
869,0.04765613840375238
870,-0.021101494807389543
871,0.06275487042773875
872,0.06545545339360448
873,0.051740516883191034
874,-0.05841669584305009
875,-0.045515270812653164
876,-0.07716098991381948
877,0.05576617659363858
878,0.04525858696050733
879,-0.03617577429230323
880,0.0497381437480966
881,0.05176378021810457
882,0.032953587511441285
883,0.010711766542318202
884,-0.0014083655732486378
885,0.06735100598126653
886,0.0635852253047613
887,-0.04684739043749975
888,0.026532117208717843
889,0.006462467476990419
890,0.0429415267947828
891,0.0035220027412670163
892,-0.10636361588757026
893,0.021348727352916264
894,-0.08070016068395969
895,-0.016814098700645985
896,0.021665893608168396
897,0.053088672857666275
898,-0.04135344442773459
899,0.016080900021749223
900,0.04978630510902349
901,-0.012083164993093476
902,0.006046838033450186
903,0.01449481602903635
904,-0.05088858716688893
905,-0.007429651761239775
906,-0.043796671509225504
907,0.029420318014429903
908,0.008714329466792847
909,-0.013871636990232084
910,-0.02329910763998555
911,-0.01883529334869305
912,0.029113422496171992
913,0.022716585492221775
914,0.014550011544241848
915,0.00013455901540382342
916,0.002521834270758916
917,-0.035071388234270806
918,0.020700218815308702
919,-0.02078755903474594
920,-0.059670073291997916
921,-0.014763510291642135
922,0.025779268450500048
923,-0.01721397283791859
924,-0.054273088825367743
925,-0.11092125143308351
926,-0.03515030423318066
927,0.1438615807515662
928,0.03979597271764046
929,-0.019794585747284543
930,0.2145958192106443
931,-0.05464632077387588
932,0.051988056116825554
933,-0.028779145918047533
934,0.008918580766257733
935,-0.06694254490338292
936,-0.018422250208638857
937,0.05474305942230462
938,0.05008718365744613
939,-0.02983173280053908
940,0.0112080146966278
941,0.04196256521949504
942,-0.05617898537460686
943,-0.002796165333308842
944,0.034111462707778095
945,0.03198518258855554
946,0.11625750003820023
947,-0.012052372736404138
948,0.050064452917007785
949,0.012060956427120573
950,-0.022912944057223328
951,0.01154429882536867
952,0.0766427035875843
953,0.062151276619637486
954,0.047395339134093106
955,0.05999850660356998
956,-0.033669266143826704
957,0.04550609057771382
958,-0.010321242503652073
959,-0.04029362277580262
960,0.007919315940434046
961,-0.025610788049178268
962,-0.02124339359223626
963,0.024384535605044277
964,0.012360737249258236
965,0.04317329334896414
966,0.008481266861428693
967,-0.004401702501784399
968,0.006978621159060339
969,-5.013417577615087e-05
970,0.0438291240560158
971,-0.0030008191758987834
972,0.02979936786414683
973,0.039319659681867236
974,-0.06617280669547476
975,0.0009146616866662072
976,-0.07865244791780235
977,0.032563502729336946
978,0.0491739220862204
979,0.0006001447663006587
980,-0.08412374960926705
981,-0.0006363103318385299
982,-0.02470364388401869
983,0.009253833940325862
984,-0.007346793001923757
985,-0.06197104848606649
986,-0.207529846818872
987,0.1423295036032819
988,-0.0034368026294089304
989,-0.011698419937502536
990,0.1262960167034688
991,-0.03510422984139616
992,-0.004857681376487122
993,-0.072981899673918
994,-9.366567553570349e-05
995,0.04357358460826255
996,-0.0293148207724947
997,0.063954725420583
998,-0.008625829531936802
999,0.07623090435074964
1000,-0.006194336903600828
1001,-0.0027969402299081736
1002,0.04132431925838986
1003,0.014877173197664462
1004,0.0012662095917033156
1005,-0.021048548498461273
1006,-0.02062124514520569
1007,0.023149656085278636
1008,0.009748054894298974
1009,0.012748976770245335
1010,0.040634632028616835
1011,0.034437730607516315
1012,0.002087127436135816
1013,0.00926059259103873
1014,0.12093108463263746
1015,0.036113106875085066
1016,0.032162381556304354
1017,-0.026691482867168048
1018,0.008313063950488697
1019,-0.021195572848553113
1020,-0.002647296986753034
1021,0.02085709532306268
1022,0.05170621739978287
1023,0.003346315203620165
1024,-0.003850525893446033
1025,-0.013083660993739699
1026,-0.07049808413802694
1027,0.0397588809285736
1028,0.026431731700242267
1029,-0.021211310291384677
1030,-0.004822288401198804
1031,0.06734084346998692
1032,-0.003796746882876789
1033,0.053647596425813404
1034,0.04517490778615674
1035,0.04495834544204236
1036,0.01809617004484565
1037,0.02360869908970642
1038,0.0037139816504208056
1039,-0.05332460184821919
1040,0.017169747457019824
1041,0.043187833291547406
1042,-0.04329978834888415
1043,-0.07639967782768053
1044,-0.040163421356785634
1045,-0.06624800835288802
1046,0.09750993711052125
1047,0.011558806559355261
1048,0.09752915968167031
1049,0.07327191344658601
1050,-0.020885560755640853
1051,0.010472891923132721
1052,0.03113234725023517
1053,0.020219707267559173
1054,-0.0159025822498986
1055,0.022333812274014875
1056,-0.026367298316563037
1057,0.026384336294809074
1058,0.06305893658721473
1059,0.059574580089581275
1060,0.050959102209494844
1061,0.02419480982177369
1062,-0.01706422854203815
1063,0.03429276074330723
1064,0.06999820553385128
1065,0.008979571044841705
1066,0.022199572962955827
1067,0.02907029602992317
1068,0.022016762442421012
1069,0.18172416088180832
1070,0.2251189543413279
1071,-0.0772262649438904
1072,-0.08769744361032217
1073,0.018098281385682924
1074,0.09153033338474792
1075,0.027866079189227122
1076,-0.05957373243077235
1077,0.009450503424906387
1078,0.06672275050137522
1079,0.09632672719671476
1080,-0.018458920130955292
1081,-0.001390749799384139
1082,-0.07254290633921201
1083,-0.06700506450657429
1084,-0.05069001039219856
1085,-0.13322321728215947
1086,0.060822808891424884
1087,-0.05404986305608972
1088,0.007212278283203588
1089,0.1378513383721831
1090,-0.01636315248910769
1091,-0.08097704981335418
1092,0.0033968323339585993
1093,-0.123597794486912
1094,0.08890117328095215
1095,-0.03589997685241464
1096,0.09258925971214182
1097,0.01450508605496914
1098,0.025858428248032084
1099,0.11094452953729395
1100,0.00557837614383061
1101,-0.061740689989333575
1102,-0.08267549955484554
1103,-0.038619922206656554
1104,0.025562164635523743
1105,-0.11058116741362234
1106,0.04198319183702104
1107,0.026789878301524794
1108,-0.0418229592243744
1109,0.003464786845698953
1110,-0.18458172530715267
1111,-0.02662523913776127
1112,0.025266707476315986
1113,0.011480784055017068
1114,0.10552244967375835
1115,-0.10615162399161626
1116,-0.059374267538764514
1117,-0.005779885423653042
1118,0.04418609725643563
1119,-0.008842259367552785
1120,-0.00784639410255572
1121,0.023820214048161148
1122,0.029760633486411336
1123,-0.04245369798060672
1124,-0.11132515302966794
1125,0.011295200421317375
1126,-0.10845799638872755
1127,-0.03775622775012444
1128,0.038232652937148615
1129,-0.10299083790500418
1130,-0.17398211533124908
1131,0.108709190826632
1132,-0.017261906053983367
1133,0.08115416198670111
1134,0.055463550667886
1135,-0.013259122522587319
1136,-0.05874826338459904
1137,0.0934749976251279
1138,-0.03746663522015048
1139,0.09916074093751703
1140,0.06836184023154956
1141,0.006617573638271423
1142,0.0823828388494885
1143,-0.0517921730312878
1144,0.06187369895710759
1145,0.015767739342638976
1146,-0.06459170224791144
1147,-0.06626121098880944
1148,0.02916567969339212
1149,-0.04853544529041365
1150,-0.015231977518507023
1151,0.07011553986619923
1152,0.034034606098973796
1153,-0.031029470636465106
1154,0.05182687604474623
1155,0.01228839083196931
1156,0.035731831732556785
1157,0.001991054965976957
1158,0.0052586502353069164
1159,-0.0710173788230346
1160,-0.07854714164884058
1161,-0.05895751127349236
1162,-0.006134788034012573
1163,-0.05182014795718892
1164,0.07731082693622326
1165,-0.03977469953506585
1166,-0.0011163614975213676
1167,-0.1060320200204039
1168,0.0037476840392205446
1169,0.004506141978666278
1170,-0.05186813420832692
1171,0.03802058543426412
1172,0.04830210672516699
1173,0.032243718870873295
1174,0.0017722101148152092
1175,-0.022745729727736475
1176,0.017168711059966313
1177,-0.024106835371355828
1178,-0.020082339310844688
1179,-0.03428971504220435
1180,-0.04692919680936569
1181,0.015384599545303246
1182,-0.10442950860100275
1183,-0.03915922419318818
1184,0.011974965288978012
1185,-0.01871556330941182
1186,0.034404500623484324
1187,0.05122335284347912
1188,-0.08422475580705502
1189,-0.006201068910305807
1190,-0.02605042094133836
1191,0.04056977863510269
1192,0.01613717451544261
1193,-0.036655612766454126
1194,0.009412414998555718
1195,0.019352815614150032
1196,0.12412693581038248
1197,0.000850158009713553
1198,0.01136885881377836
1199,0.04203655981360832
1200,-0.03300812914143947
1201,-0.019621259128287605
1202,0.032535927574945944
1203,0.015906496489627386
1204,0.06437648463048973
1205,0.0056083625781386814
1206,-0.010523309510453771
1207,0.014483697709081866
1208,0.0823531991874269
1209,-0.09193210663750406
1210,0.04808821013231679
1211,-0.03223959330684423
1212,0.03942918286213981
1213,0.007523614187496364
1214,-0.019136041014403915
1215,-0.013240166694592048
1216,0.012739001376983694
1217,0.053537157891065945
1218,-0.004433170333562941
1219,0.016094355065083832
1220,-0.020843383079432343
1221,-0.029620923127989585
1222,-0.01485310141877072
1223,0.009737078547251699
1224,-0.030623267109053387
1225,-0.06893610659669847
1226,0.00748238978371063
1227,0.025429769131291025
1228,-0.0008199646268760574
1229,-0.02396447419619463
1230,-0.016772482047846538
1231,-0.03335153970564164
1232,0.01916817663872017
1233,-0.00045945021275528575
1234,0.031752487481542246
1235,-0.011133876917273966
1236,-0.04583947139821376
1237,-0.062067659444725365
1238,0.0038982826938891435
1239,-0.014229521588760008
1240,-0.016751549202160376
1241,0.0016762090503004146
1242,-0.0320251597389678
1243,0.04609061158009098
1244,-0.008880942351451537
1245,0.01176467849979801
1246,0.006289122618005294
1247,0.013434600362671745
1248,0.00999764944741699
1249,-0.02701622323891506
1250,0.01574996113095395
1251,0.0026452866114361484
1252,0.0031646133192779757
1253,-0.0069685643656463014
1254,-0.012263867528105266
1255,-0.10429333638086113
1256,0.017659179795872504
1257,-0.04813047339938237
1258,-0.03595427350674818
1259,0.04998260262806298
1260,-0.03332187405601239
1261,0.014389722742134126
1262,-0.007799634776660014
1263,0.03560119143946139
1264,0.005201158253765215
1265,0.0009758784644162688
1266,-0.006931549314602492
1267,-0.1009251346030755
1268,0.012867880610642146
1269,0.0017429078270048137
1270,0.012228084684467788
1271,-0.025199768617493845
1272,0.010360226200308631
1273,-0.042075518926674604
1274,0.051961304162501776
1275,0.02942626904629897
1276,-0.002842915424254855
1277,0.03513597605397756
1278,-0.012871725512868082
1279,0.010354208139776944
1280,0.006284119229603036
1281,0.005162002311365654
1282,0.02711538540759939
1283,-0.012185823192757184
1284,-0.004754487007430086
1285,-0.06302716705345013
1286,0.010178711879893498
1287,-0.026285767240594282
1288,0.001482289507841017
1289,0.006084371585677317
1290,0.013219819655418519
1291,0.05834774166521406
1292,0.08243286458020904
1293,0.006771106197492216
1294,0.012951038487557298
1295,-0.015212500162380849
1296,0.008821326292061116
1297,-0.00010780651465935875
1298,0.038686564334449614
1299,0.0884546416030787
1300,-0.029254690417220175
1301,-0.028491418656974687
1302,0.026487261573523213
1303,0.003318503902615788
1304,0.0032064124721458143
1305,-0.004632012619252279
1306,-0.050137941881997605
1307,-0.02019234469295661
1308,-0.007604042111257314
1309,-0.017699946974246927
1310,-0.05552450759252814
1311,0.005053418144036925
1312,-0.01664487034880935
1313,-0.028995953086402793
1314,-0.06853482384772036
1315,0.040774573013564464
1316,-0.060164276035962416
1317,0.017791511924363235
1318,0.004273118524736219
1319,-0.0039809244546145095
1320,-0.01566130632947882
1321,0.017398593339542856
1322,0.004146085616168804
1323,0.03808327820833668
1324,-0.024126888066353658
1325,0.01273198071380044
1326,-0.03083290846744191
1327,0.028168761359932404
1328,-0.01741912892269326
1329,0.024501682068240882
1330,0.027928230011097455
1331,0.006412467252168597
1332,-0.008304176683980202
1333,0.0261023761987218
1334,0.03027780971291527
1335,-0.006945951847084686
1336,-0.009829420799983168
1337,0.008469072019252621
1338,0.021878714118539477
1339,0.01098730512202195
1340,-0.0017422900799939356
1341,0.013897370676710707
1342,-0.08041781637747292
1343,-0.039587838057258296
1344,-0.009556698168818656
1345,-0.037992262867389215
1346,0.011955253777374608
1347,0.004566762205364228
1348,-0.0013437780737515226
1349,0.004829112103061917
1350,0.02572351655486571
1351,-0.0007060768656490524
1352,0.004670726045219453
1353,-0.003984578276938322
1354,-0.03688071788794467
1355,0.014242423616419586
1356,0.004266345706213315
1357,0.018753903731685284
1358,0.03248666575188608
1359,-0.0019276638417000669
1360,-0.0016899322578378673
1361,-0.017318842593150308
1362,-0.022841248739725373
1363,0.007499922625337163
1364,0.0275986920872473
1365,-0.004897601761744141
1366,-0.006367171722292397
1367,0.003568336719675713
1368,-0.00543920393591435
1369,-0.005099772645628775
1370,-0.008195393817457486
1371,0.011331035300969461
1372,0.006938348855323184
1373,-0.005173043848845538
1374,0.002219673093835084
1375,0.007435585416514456
1376,-0.0014426384505714651
1377,-0.008634710127935818
1378,-0.05129538214462315
1379,0.0029271598167834867
1380,0.0018168218647272028
1381,0.0007855566385384094
1382,0.047436333605533676
1383,-6.521446177742973e-05
1384,-0.007865727557092583
1385,-0.01040167369568934
1386,-0.0017462065653059966
1387,0.003671253714641054
1388,-0.0010545924945404295
1389,0.0007417487198999595
1390,-0.001761939764286069
1391,0.003099024997764488
1392,-0.0030141263870877566
1393,-0.0002378247716183779
1394,0.0008691357350834039
1395,0.0009270241282308689
1396,-0.023990543470313597
1397,0.0002589641886441285
1398,-0.0026336269445916827
1399,0.009479090296347081
1400,0.0016700572222632104
1401,-0.0042636638636377455
1402,0.002334877765930443
1403,0.006803869277641539
1404,0.006420434910365813
1405,0.010642787457474157
1406,-0.01177166147441433
1407,-0.010608136324314899
1408,0.0036890064757102436
1409,0.00031977009732031547
1410,-0.006258557445205426
1411,-0.0018506025222677636
1412,-0.10277649273173672
1413,-0.01586495582727565
1414,-0.01291584159438841
1415,-0.003813114336699286
1416,0.012383547969031738
1417,-0.14356147255391427
1418,-0.09007563428611043
1419,0.03320365546509585
1420,-0.052694412359317155
1421,-0.004322277012642317
1422,-0.11348021178490697
1423,0.0327527394287177
1424,-0.05928995928609382
1425,0.010945085463911042
1426,0.10822444579237178
1427,0.005020181260203316
1428,-0.06308129823555753
1429,0.04796953376593649
1430,-0.01790543962871105
1431,-0.061195790047934295
1432,0.015988811461090435
1433,-0.05263875080027702
1434,-0.06404661855090765
1435,-0.02915174921548669
1436,0.016293013151102542
1437,0.0389648242144478
1438,-0.03135850250725625
1439,-0.022540327664478
1440,0.018046272769710825
1441,-0.050968961408146995
1442,-0.0217185542488334
1443,-0.0017666084928986692
1444,0.004954827235499337
1445,0.08625387653959038
1446,0.04148507479473018
1447,0.013408299801074719
1448,0.09867679132172569
1449,-0.059262300440080296
1450,0.02974381467096876
1451,-0.0037943596349006015
1452,0.019714192015417353
1453,-0.06668429052768587
1454,0.010897550330662753
1455,-0.05391629952715249
1456,0.0710402860729289
1457,-0.026733418957821442
1458,0.011850725299472842
1459,-0.03240073596075632
1460,0.026581224952000326
1461,0.025657066653892002
1462,-0.027422321806191974
1463,0.005452331614920425
1464,-0.0032514872489333158
1465,0.0584470890549067
1466,-0.012684700557386464
1467,0.001390154770684049
1468,0.0011030020343767433
1469,-0.09245928249298174
1470,0.0022917701090907627
1471,-0.007093684931486877
1472,-0.030039431790894966
1473,0.04218810159294328
1474,-0.020548563372546624
1475,0.006679301401545601
1476,0.00642448558032882
1477,-0.0056498160197318015
1478,0.019151709058737865
1479,-0.03480896076891504
1480,-0.006961443903655606
1481,0.007950530556472657
1482,-0.005411671839448573
1483,0.004381431105509037
1484,-0.0003054202695444985
1485,0.0007482631299655651
1486,-0.005147111803204041
1487,-0.03218556314914878
1488,-0.006456126661070982
1489,0.01097878297095356
1490,-0.008176606850343049
1491,0.008682382533651278
1492,0.00944947812577368
1493,-0.016334438234448356
1494,-0.001403801312541475
1495,0.002080242524957754
1496,-0.015287693750092757
1497,-0.0041965833008426046
1498,0.0756939360941562
1499,0.0012056010064362965
1500,0.005157899926350851
1501,-0.011380348161981857
1502,0.0013963105132095421
1503,-0.005890543660870051
1504,-0.004190873583171495
1505,0.0010859628225894369
1506,0.002476157344837304
1507,0.012062263719125
1508,0.06376138183178881
1509,0.007981955101911353
1510,0.013269765098495867
1511,-0.01149189028232911
1512,0.012917451356472043
1513,0.03363089286305154
1514,-0.08356456820529345
1515,0.018788447145977827
1516,-0.007325399279810796
1517,-0.0008592791582575643
1518,0.0009701838898461546
1519,0.0012440007407157339
1520,0.00125098400355661
1521,-0.004471006548913081
1522,-0.02250631409689774
1523,0.035213632013155305
1524,0.001940338762940641
1525,0.0019299650258197687
1526,-0.0026502747112910896
1527,0.01581381071084742
1528,-0.002959950384815002
1529,-0.011804535394846383
1530,0.001005570148075563
1531,-0.0006241055237001802
1532,0.004508157464902851
1533,0.009268473031697866
1534,0.021928138916456064
1535,-0.00582041712864978
1536,0.0018065426803683948
1537,0.00954703827395953
1538,0.003992356946232789
1539,-0.014328401790338674
1540,-0.0013307952232004538
1541,0.0029425471310986495
1542,-0.0033899789796230095
1543,-0.014801995775437504
1544,0.005538472822802731
1545,0.025269802161778543
1546,-0.00440378414003284
1547,0.007166825802505272
1548,0.002019649564678261
1549,-0.00030585716708841915
1550,0.01277399843531235
1551,0.16004197976839407
1552,0.01890749296950922
1553,-0.010150461847883818
1554,0.022870127391311
1555,0.004583028638013076
1556,0.027116090148746608
1557,0.017328472526209282
1558,-0.016163226787920593
1559,0.02271680293391576
1560,-0.05007552528719117
1561,0.004934263167637454
1562,0.001383718355681296
1563,0.013861017615290905
1564,-0.019661685681246155
1565,0.032703409546247286
1566,0.0031234202806835754
1567,0.00880504810644922
1568,0.0010237043606338148
1569,0.006403836037113919
1570,-0.00438492350363795
1571,0.01583658335751359
1572,0.031537678710241934
1573,-0.0194793465759453
1574,-0.04766091040689524
1575,0.013123813423158381
1576,-0.0020966081203077636
1577,0.003192925629715404
1578,-0.007175278992262335
1579,0.019508686623199267
1580,0.009665964737195054
1581,0.018809979754905726
1582,0.046667295980034496
1583,0.010841636020002099
1584,-0.00609950504004253
1585,-0.008473310560161096
1586,0.014287066018571437
1587,0.025899955314045542
1588,0.03160113331553838
1589,0.03255511923946841
1590,0.12175582015101227
1591,-0.03278809012221373
1592,0.1140786697230034
1593,0.022709207625679184
1594,0.026020895924879994
1595,-0.03981349360704378
1596,-0.07108127725881808
1597,-0.009946983850618096
1598,0.11992989942799603
1599,-0.027125846028695833
1600,-0.0018795372127939913
1601,-0.03621876354448261
1602,0.025934032858881295
1603,0.013299515579216603
1604,0.00812631735109548
1605,0.07425157599335819
1606,0.015168497755126964
1607,-0.00979326304904582
1608,-0.0069593521281454684
1609,-0.04005664796772912
1610,0.030194039934908545
1611,-0.0012236008424260092
1612,0.02067926798314268
1613,-0.0630180586838609
1614,-0.0630014783427022
1615,0.014996473539936162
1616,-0.0002822410658254171
1617,0.027977129076807827
1618,-0.011229371413747913
1619,-0.03402032381425535
1620,0.03981203302759084
1621,-0.009117973017984227
1622,0.0271447396905522
1623,0.010388753446054722
1624,0.054715664950810705
1625,0.016489111591431183
1626,0.017508940317693344
1627,0.03558847752156069
1628,-0.025932150849556024
1629,0.020894883881638293
1630,0.026983496264122664
1631,0.06279058671001714
1632,0.0534645342577349
1633,0.014258184854998746
1634,0.014244096327892919
1635,0.06842540313130918
1636,0.09886766271923975
1637,-0.1518196739369877
1638,0.10391011328681188
1639,-0.03677242770372402
1640,-0.10038183788517507
1641,-0.021871650928673603
1642,0.02043979364930415
1643,0.1019724231462682
1644,-0.06438271352158509
1645,-0.021356009787895758
1646,0.020741781945806892
1647,0.021386723467299973
1648,0.07039331175600338
1649,0.023159293280457405
1650,-0.033751227644685855
1651,-0.06788441618713037
1652,0.039472753868565746
1653,-0.03650877331612712
1654,-0.10507600156656594
1655,0.06044360141003047
1656,-0.1393767055806645
1657,0.022551278856090207
1658,0.09561955306661929
1659,-0.012808461572603846
1660,0.022200991330416642
1661,-0.015729262974589986
1662,-0.02444935394202119
1663,-0.043707966595475156
1664,-0.009013724991008942
1665,0.010131621144278569
1666,-0.004199559341957482
1667,-0.04059130256046295
1668,0.007901301370322855
1669,-0.0035355357080177896
1670,0.009231027857063978
1671,0.04857531814577598
1672,0.030662540264241755
1673,0.011330721144643618
1674,0.028451137479914124
1675,0.01362526706755851
1676,0.07339741253271903
1677,-0.028131633051238225
1678,0.03961210267399373
1679,0.0020443450527860563
1680,-0.008684364496771124
1681,-0.043846706855642736
1682,0.014823037907254033
1683,-0.012307995125176774
1684,-0.043707143389404735
1685,-0.0806379719242738
1686,0.025522045965720608
1687,0.0060711120004821595
1688,-0.013840282280728644
1689,0.01108660152588925
1690,0.0536528635334399
1691,-0.014098602646118508
1692,-0.05984026786228647
1693,-0.0006901282262674613
1694,0.02696583890848636
1695,-0.02411676598546819
1696,-0.0021128053844350347
1697,0.0226543314762484
1698,-0.01803098322502983
1699,-0.043244332321517476
1700,-0.02535588058642091
1701,0.009207926773969533
1702,0.003379326975375463
1703,0.01313227792802607
1704,0.05858903991126141
1705,0.026398798324718697
1706,-0.0027379439807031503
1707,-0.0017912085396538657
1708,-0.021237571181719872
1709,0.01571165698085153
1710,-0.007250398184558193
1711,-0.010233096005396902
1712,-0.02141782097558753
1713,0.006149168432955321
1714,0.02251399403043486
1715,-0.004774055257204424
1716,-0.00024114056019008956
1717,-0.0009983634989048085
1718,-0.006877180180772768
1719,-0.00346246270575179
1720,-0.004209930227212055
1721,0.006661946401365526
1722,-0.008291636186186224
1723,-0.016031424170293462
1724,0.005044859416292624
1725,-0.034455250468614196
1726,-0.12099364952146807
1727,-0.015616015371175962
1728,-0.04433175093227604
1729,0.01623387232043605
1730,-0.0007189659749151645
1731,-0.017337268541281148
1732,0.0231358039600007
1733,0.0059395226486973485
1734,0.005947039319424974
1735,-0.01597938661828735
1736,-0.0065654260828598154
1737,-0.0066561963279792025
1738,-0.02024210447085828
1739,0.031722604960343403
1740,-0.0020443649816002107
1741,0.0436286041566607
1742,-0.0010786272982699074
1743,-0.03131474095669695
1744,0.0017767504383332522
1745,-0.001866997061055642
1746,0.006430502888083112
1747,-0.020424933726610917
1748,-0.019423891941979576
1749,0.0069819797390682226
1750,-0.01625994007694942
1751,0.0019237257444970624
1752,0.02881240366522242
1753,0.002628793271972185
1754,-0.020282321366639877
1755,-0.07231210270482968
1756,-0.0028228801699565764
1757,0.14476109386093228
1758,0.06528433388686672
1759,0.03264079600850067
1760,-0.031432676505614765
1761,0.018362811918532174
1762,-0.023825095718830624
1763,-0.0006673727616757219
1764,0.006664947063718785
1765,0.006845382329238703
1766,-0.009629700847412437
1767,0.01901152585439192
1768,-0.007473715309565421
1769,0.001962481459161225
1770,-0.010018996001742053
1771,-0.051214083806272015
1772,0.0009877334517121028
1773,0.02708127536100413
1774,-0.03343184819093992
1775,0.006586553240447657
1776,-0.0008397010971492591
1777,-0.01143720218148303
1778,-0.025129397563837585
1779,0.006896630827938566
1780,0.0031776852803648836
1781,-0.03182423938339696
1782,-0.012490374838556306
1783,-0.02203907156093976
1784,-0.049086768125686575
1785,-0.04635206471928832
1786,0.01377681495074512
1787,-0.04845012522266501
1788,0.013839370591339772
1789,0.01005783551004491
1790,0.0424866264353021
1791,-0.009144267907922554
1792,0.039170910137082515
1793,-0.024998412204507048
1794,-0.01938678230419022
1795,-0.013875477110813605
1796,-0.00025170831980858566
1797,-0.009348132540894838
1798,0.026704767756074332
1799,0.01316283930428419
1800,0.0012237394800749257
1801,0.0010723690545209053
1802,-0.02184425368085563
1803,-0.016728999152695323
1804,-0.008373983817170583
1805,0.0035554716584638157
1806,0.0036588787977542836
1807,-0.02014895615359613
1808,0.0038702824709542227
1809,-0.03121654791103623
1810,-0.04302813984775078
1811,0.09150203958984626
1812,-0.010215599788491403
1813,0.0022150257023572095
1814,-0.003838694878929516
1815,0.04359469833307905
1816,-0.020981218944278623
1817,-0.0045095905809819925
1818,-0.006490977368956763
1819,-0.00498673477391165
1820,0.0070371806538602755
1821,0.0038200628759046396
1822,0.014200785685396511
1823,-0.01762220333369413
1824,-0.013722694823240289
1825,0.000913616682714391
1826,-0.030272928096193752
1827,0.050171745960032155
1828,0.00891500982389637
1829,8.914393268888432e-05
1830,0.04716146723566084
1831,0.0495268893264047
1832,-0.01032167320280486
1833,-0.02516485111441824
1834,0.035837017057327
1835,-0.01592428993077455
1836,0.019095619045758738
1837,-0.005913064387263134
1838,0.08059650637836668
1839,-0.0023537488141354146
1840,-0.009494746324859804
1841,0.023255338715641116
1842,0.001541028275862999
1843,-0.02680910251619828
1844,-0.00559813180609936
1845,0.010141927934055772
1846,-0.007461951294766678
1847,-0.0321153677231969
1848,0.004618933008295301
1849,-0.009229306182408692
1850,0.026996838102771648
1851,0.03576042498236198
1852,0.049140656693548834
1853,-0.004493658672814149
1854,0.02043703691808041
1855,-0.016805048675941237
1856,0.004518472151643138
1857,-0.005177910236525918
1858,-0.005455970077715477
1859,-0.01218545364907797
1860,0.04602834799275257
1861,0.012033084493943136
1862,0.006774835392771905
1863,0.007036859447460131
1864,0.025179720219250967
1865,-0.026042505869956045
1866,0.035052446746270505
1867,0.011475404940052059
1868,-0.010873762642184204
1869,0.009523015160700865
1870,-0.04185355039924232
1871,0.004540878520856495
1872,-0.0248977234415797
1873,0.04557569247775106
1874,-0.051449984043289376
1875,-0.0025892656683303983
1876,0.008081532009711623
1877,-0.002404158134973855
1878,0.026685065475790637
1879,-0.028031992193655597
1880,-0.03248723753845262
1881,-0.05740768792548856
1882,-0.00409296638844836
1883,-0.012836217768336766
1884,-0.00844683596417184
1885,-0.004318240904803261
1886,0.03525073959015046
1887,-0.009274764811754821
1888,-0.0037097436703970033
1889,0.03628484201142079
1890,0.0048110043680758
1891,-0.023579830530350065
1892,-0.09430352876922754
1893,-0.023014293291844012
1894,-0.001757685080184146
1895,0.00021498848832735007
1896,-0.4647301753397741
1897,0.11268622219754576
1898,-0.06753557004657296
1899,0.03624573263084585
1900,-0.07264505770911889
1901,0.041245525670191796
1902,0.002448204386068298
1903,0.16710432424961397
1904,0.0012244500086868726
1905,-0.0022144850761289803
1906,-0.05907702386253
1907,0.09578323765146379
1908,0.04844470857364058
1909,-0.008011559939721025
1910,0.005281211361417348
1911,-0.03741337669931255
1912,-0.03581324079078918
1913,-0.05265021330566455
1914,0.08226844860278604
1915,0.0013681074096147938
1916,0.025777803165675905
1917,0.027888755965960854
1918,-0.008906283829347217
1919,0.019725803844387713
1920,-0.011186860819705657
1921,0.06838401551364903
1922,-0.013201383140758693
1923,0.02173462611620991
1924,-0.004373997983961431
1925,-0.06165264619598432
1926,-0.0009341136128107053
1927,0.01619809433930719
1928,-0.018247903368067142
1929,-0.00038135085635992994
1930,-0.029712937076682877
1931,0.06902911272643486
1932,-0.0029015210954828063
1933,0.022500902000606615
1934,-0.009446987957284492
1935,-0.043707892619057276
1936,-0.00023764284804528302
1937,0.033849812461733464
1938,0.042973347176261
1939,0.016178084496425882
1940,0.002517739780348194
1941,0.01441763608332991
1942,0.014957356048027393
1943,0.0014686626299020844
1944,0.11984140644428898
1945,-0.01632197818592296
1946,0.023536910446569692
1947,0.01387212727903453
1948,-0.010189912204170426
1949,0.0017052718293886215
1950,0.010093566989645808
1951,0.029084126239824926
1952,0.07107536685466265
1953,-0.01099854717229043
1954,-0.02559949751419488
1955,-0.09133874992634539
1956,-0.017817356616017577
1957,0.02328939648252515
1958,0.0515216067309936
1959,0.048814308336528
1960,-0.0425545413366315
1961,0.005219563387115045
1962,0.030843414668986213
1963,0.005757095071523111
1964,0.00025318046802702554
1965,-0.021407053865040382
1966,-0.04743978112005287
1967,0.011039704675422257
1968,0.002904542937139709
1969,-0.046555848053543514
1970,0.013173543308948155
1971,-0.008103063993219806
1972,0.0384109712226941
1973,0.03686071480897368
1974,-0.00913557886418559
1975,0.02730538972956431
1976,-0.024984292562995947
1977,0.07198931640233752
1978,-0.0647494748028361
1979,0.01322969499089588
1980,0.014793539385651755
1981,-0.013881075272664134
1982,-0.0012271221586050984
1983,0.010835668358636141
1984,0.001294060354382509
1985,0.002474647666023344
1986,0.007565917007305245
1987,-0.05715571914128326
1988,0.016919583790143022
1989,-0.0005872938226616498
1990,-0.009382843818569242
1991,0.00678586233768641
1992,0.009197339368025581
1993,-0.006075177257296005
1994,-0.007242643975011731
1995,-0.013243316204146538
1996,0.00476063307275254
1997,-0.0030812411837963793
1998,0.0364203993156309
1999,-0.001977301049160829
2000,-0.03337092327378066
2001,-0.0052530814953222205
2002,-0.011059043986902495
2003,-0.012909378740094013
2004,0.010796911071169646
2005,0.005156696867222976
2006,-0.005768117633966341
2007,0.009836784692076606
2008,-0.011433924918010874
2009,-0.0039654121072665305
2010,0.004959953765061087
2011,-0.006431364974035958
2012,0.03269036405452752
2013,-0.01322747502849353
2014,0.018849585054621087
2015,-0.016076772716191456
2016,9.051613040611528e-05
2017,-0.004153644618959618
2018,0.0039049160883397604
2019,-0.00355135786885441
2020,-4.331631390286361e-05
2021,-0.0054650618081169
2022,-0.0066149394632759595
2023,0.0020964170070048027
2024,0.0008353119275827936
2025,0.0029193317943754238
2026,-0.0023526855605595642
2027,0.02272657241900866
2028,0.01592346743118611
2029,0.005831453188376301
2030,-0.004621806400933792
2031,0.014595935230039103
2032,0.023292897324559192
2033,0.10400866598506298
2034,-0.007126663372122977
2035,0.01704870717725271
2036,0.0009676074745073038
2037,0.01892242337372707
2038,0.037792033732147345
2039,-0.06191185712282632
2040,0.01728605335624067
2041,-0.0036037470015539697
2042,0.04716003790353618
2043,0.0027841443313860736
2044,-0.01525190204918836
2045,0.013065469924047335
2046,-0.006684391826166092
2047,0.017184200904589275
2048,-0.04016111286278701
2049,0.015169300755772497
2050,0.017048853955415666
2051,-0.0012963612281762238
2052,0.008193734253124418
2053,0.0022817499658511764
2054,0.029951760409884898
2055,-0.021709414754999656
2056,-0.019617886991365907
2057,0.010161327741759152
2058,-0.0243618627931248
2059,0.0076768212803930425
2060,-0.0014543864269729312
2061,0.009364458635236161
2062,-0.03530600440853249
2063,0.010696334763965254
2064,-0.014463477673961833
2065,0.019164718595602537
2066,-0.0030920412474539916
2067,0.017627931208673786
2068,-0.002623558191723774
2069,0.02449528784504018
2070,-0.04759982836281473
2071,-0.108024907829682
2072,0.02568095890557487
2073,-0.03310004713411807
2074,0.010834787536524004
2075,0.00864046839153687
2076,-0.023223905590111116
2077,0.010879835709758368
2078,0.011724294913523892
2079,0.0036386352484214513
2080,0.003958714499077587
2081,-0.011404867595945944
2082,0.034003650927763474
2083,0.010812510742823633
2084,0.016347532426243205
2085,-0.0023640918305822822
2086,-0.000402336913788659
2087,0.013590771382837374
2088,-0.014167885530092406
2089,-0.044493310828050525
2090,0.007256944592073822
2091,-0.028125828810468434
2092,0.0489361364351204
2093,-0.006278889783731145
2094,0.005410230472936206
2095,0.0022805831897407813
2096,-0.006108227146349066
2097,0.012525583307516186
2098,-0.005561903231040333
2099,-0.01542167540122108
2100,-0.0041025453782754795
2101,-0.002522616697699931
2102,0.011334718114117237
2103,0.011532279024732972
2104,-0.01765966406225239
2105,0.006069812450622436
2106,0.0228613846473138
2107,0.01353719392318986
2108,0.02074267777372718
2109,0.0077441489400023045
2110,0.014924866101628353
2111,-0.011267025530866448
2112,0.00031567340046478876
2113,0.005744241377636072
2114,-0.015183968290795491
2115,0.0031726798498965536
2116,0.010967693217915908
2117,0.022276341465063965
2118,0.01473482660524894
2119,0.07338405430586903
2120,0.011027987566796682
2121,-0.0026529704553777123
2122,0.01355828284978422
2123,-0.0058830252475114975
2124,0.003376507193094014
2125,0.04332755896265361
2126,-0.02844584941845696
2127,0.012475103458648107
2128,0.008052075583307783
2129,0.017160608140629918
2130,-0.003189593193523521
2131,-0.01367823012311753
2132,0.02907841515337317
2133,0.013061444695718905
2134,0.09741581080424488
2135,-0.0008969303080483826
2136,-0.048176141274296924
2137,0.04261566759184454
2138,-0.009558200327299815
2139,-0.0027046871096150227
2140,0.026488015591814573
2141,0.035966700891263415
2142,0.002544313205715909
2143,-0.015418716403051036
2144,-0.00702924092609436
2145,0.04656389869041355
2146,0.05410247584413774
2147,0.00894799987636219
2148,0.0007346200168818484
2149,0.04414876269819423
2150,0.0011227042351791283
2151,-0.014710561659747157
2152,-0.0003201850997101019
2153,0.03968026776556144
2154,-0.01983933237463731
2155,-0.0882052536237854
2156,-0.002464794256027858
2157,0.03497829330026647
2158,0.025635704702411388
2159,0.07666315234015286
2160,-0.04283053060242814
2161,0.020950814137307816
2162,0.012643316046181852
2163,-0.03909946752423288
2164,0.024012613075875322
2165,0.009916644389898366
2166,-0.00796595656131771
2167,-0.046418459556244684
2168,0.01262504102957962
2169,-0.015694640220806022
2170,-0.011347356530151842
2171,0.04041245632345891
2172,0.017853539827285658
2173,0.005431863337978626
2174,0.008816158477202407
2175,0.09305159757677828
2176,0.06778242711074967
2177,0.014487680725324026
2178,0.031140804146840395
2179,-0.01658162294561727
2180,-0.02913807693232684
2181,0.0420765679457773
2182,-0.023039436663008672
2183,0.02105790865039303
2184,0.03838601817057885
2185,0.06938918605018252
2186,-0.006250988870124985
2187,0.030458043294242287
2188,0.010198176486275301
2189,0.052625181889350614
2190,0.005558802229053583
2191,0.012759952848226064
2192,0.08959001114880749
2193,0.02017517240339295
2194,-0.025022467355816147
2195,0.06128001171320463
2196,0.08002182823087978
2197,0.06687092425852725
2198,0.03559288987944953
2199,-0.013400522620514721
2200,-0.0483004859568652
2201,-0.07551390060372576
2202,-0.0473164778588302
2203,0.0953397207362574
2204,0.04892161277885165
2205,-0.062166498972308304
2206,-0.01773184714361875
2207,-0.010750872199338346
2208,0.02316538885922803
2209,-0.015413522880193042
2210,-0.014579216975338483
2211,-0.14252813081835924
2212,0.0683334114753027
2213,-0.028834641394270832
2214,0.006890847351744611
2215,0.0023822686367900303
2216,0.006266383460683755
2217,-0.06787434522440883
2218,0.09502025954716942
2219,0.02509007084781878
2220,-0.0013665573129024722
2221,-0.03428942338957164
2222,0.012687542067995494
2223,0.05716793887942018
2224,0.053773897801539405
2225,-0.014678676703823612
2226,0.03245885330843379
2227,0.028982741281131652
2228,-0.00927658818340582
2229,0.1718205618881239
2230,0.0061426193854519084
2231,-0.03420320342962846
2232,0.06446761605839413
2233,-0.008478464657924789
2234,-0.00844174525182062
2235,0.03364387990623818
2236,-0.015978235928811202
2237,0.025835260740748822
2238,0.05821415216952097
2239,-0.009038226589304088
2240,0.07828513543693205
2241,0.0037751835203785333
2242,0.025352159710532618
2243,-0.05966344725525374
2244,-0.10458524450100981
2245,0.0178814957381217
2246,-0.05396975925205183
2247,-0.016142075456887284
2248,-0.003270542479990368
2249,-0.023010476566760474
2250,0.09490116032713836
2251,-0.025554925208490786
2252,0.043664727693901284
2253,-0.03990612219912748
2254,0.0075114201765362765
2255,-0.0003050270395785759
2256,0.04583962336068126
2257,0.02010313651550355
2258,0.048156840253234634
2259,0.021374179798028692
2260,0.03157300039029742
2261,-0.00821687285311512
2262,0.0659904612617126
2263,-0.0322025926592886
2264,-0.05895520841682256
2265,0.015929471547609708
2266,0.03572418708035663
2267,-0.017339151916612394
2268,0.008394319050578858
2269,-0.0005658791253750906
2270,-0.01364390413984573
2271,-0.05345688104443269
2272,0.0038401154329434917
2273,-0.03655175777765862
2274,-0.020485432915554824
2275,0.06428841931989204
2276,0.015051908974824002
2277,-0.0004068041327034422
2278,0.03165502939331688
2279,0.020014609919984494
2280,1.9359447593458867e-05
2281,0.002999232878687863
2282,0.004870090844088182
2283,-0.030439981167967645
2284,0.01984664313237694
2285,0.005081207326213644
2286,-0.014763897549620708
2287,-0.037528870853165586
2288,0.039787675704227254
2289,-0.0013545498361153818
2290,0.02623419809666494
2291,0.0068623043874040945
2292,-0.005187618998144572
2293,0.058527143450268326
2294,-0.006219938149170545
2295,0.00323225111697667
2296,-0.027886621874568363
2297,-0.01454292610140584
2298,-0.07647243109811974
2299,-0.008788979117795748
2300,0.013347500558966274
2301,-0.04651974554182736
2302,-0.040581883746806824
2303,-0.013001302685205829
2304,-0.020620437180109974
2305,-0.02113272327896709
2306,0.0974797068019555
2307,0.01854831914865329
2308,-0.0037942553737355666
2309,-0.0234296738251345
2310,0.0754151877209619
2311,0.0013475723603129097
2312,-0.020916047590224807
2313,0.01000110220540229
2314,-0.06999363622377608
2315,0.07389708647447613
2316,-0.01805509355764201
2317,0.01687709678143534
2318,0.0249216197027895
2319,-0.00976562803402814
2320,-0.04159554115971531
2321,0.015009957344290115
2322,-0.1429671467730369
2323,0.01144292811009251
2324,0.003300186759766177
2325,-0.06459870319528349
2326,-0.006525257090235215
2327,-0.0648839844864657
2328,-0.014531934084628162
2329,-0.14810707635188614
2330,0.09727501612396061
2331,-0.08913981683679317
2332,0.006198237437244458
2333,-0.07654564579833334
2334,0.10722243682664256
2335,-0.007878782581023813
2336,0.02296156581276776
2337,-0.02205718107153487
2338,-0.07393611150144253
2339,-0.03076569154215214
2340,0.030219944078986316
2341,0.04533591723246566
2342,-0.017507853573118126
2343,0.023977788702314484
2344,0.042556616951369364
2345,-0.060840387267125706
2346,-0.03706474257477588
2347,0.00869359985018825
2348,-0.06633285563534308
2349,-0.0026277750634573493
2350,0.10947410238213884
2351,-0.017354742993129335
2352,0.017067578415986162
2353,-0.04890419504040544
2354,0.09505680129465688
2355,0.028258787966320753
2356,0.0046584533275275675
2357,-0.05230703159614336
2358,-0.007684760787668665
2359,-0.0614015913917374
2360,-0.004800219817294504
2361,0.002311625313792476
2362,-0.11952179584867828
2363,0.025833047609392423
2364,0.03676667515561327
2365,0.027475699857644642
2366,-0.09130465397426413
2367,0.017188238400922984
2368,0.07374727447930951
2369,-0.00623326245575484
2370,0.04078512112413968
2371,-0.023325202965851943
2372,-0.042818245600875215
2373,0.009632020913439732
2374,0.022504948021344617
2375,0.017703918010917974
2376,-0.04467475626166717
2377,0.014392210079462231
2378,-0.011157826650300962
2379,-0.029311778537964628
2380,0.0276173634478738
2381,-0.008244201233594595
2382,0.021242252673875583
2383,-0.03218092634783076
2384,-0.0137820864258007
2385,0.0036725998364310897
2386,-0.03224946835684328
2387,-0.011366530858486712
2388,0.0035431692173464313
2389,0.008329203113175865
2390,-0.03127250298871154
2391,-0.033338555734211184
2392,0.0744341723569324
2393,0.006283788882168295
2394,0.038503942271905345
2395,0.020948244356670642
2396,0.030378619797657436
2397,0.05469542869161259
2398,0.053942853488036846
2399,0.014835126516453911
2400,0.0003128737005972937
2401,0.054172230652618225
2402,-0.014532545375150363
2403,-0.040478043755713955
2404,-0.01952524946480949
2405,-0.027122491205131993
2406,0.04094316463847747
2407,0.027838357371246403
2408,0.04653814062641537
2409,0.03981881145877608
2410,-0.01715152390208985
2411,0.05696271209006909
2412,-0.016974141392609
2413,0.00018876057234251675
2414,-0.025891753544200924
2415,0.0730094797189178
2416,-0.01467774375797326
2417,-0.0010609584864251786
2418,-0.022408306921166243
2419,-0.0288691990345864
2420,0.002364966650011624
2421,0.0418858533323494
2422,0.054597906983852695
2423,-0.008828701235467307
2424,0.008473475397265062
2425,0.004541346683280878
2426,-0.037844894330950396
2427,0.025960121950429738
2428,-0.04210229745237548
2429,0.044099430302267706
2430,-0.0031903644385735674
2431,-0.0014850847584071403
2432,-0.03702463994727623
2433,0.0023710718587306445
2434,0.035005653788017455
2435,0.009792724788171725
2436,0.014044128006187151
2437,-0.001615484996733585
2438,0.03557543501667304
2439,0.016863140380221964
2440,-0.11723249529729962
2441,-0.015494793572990773
2442,0.006488390533952781
2443,-0.03303518664446514
2444,0.007049939410356032
2445,0.01888655452823862
2446,-0.024174296052118294
2447,0.04627200677790988
2448,0.02275460131450835
2449,-0.008190739435939065
2450,-0.010854079709277542
2451,0.021160126154024184
2452,-0.021314594702564804
2453,-0.09810793836995657
2454,-0.05148826786332528
2455,0.06839960199678252
2456,0.02985630902322356
2457,-0.04686219528987401
2458,-0.002878952738409879
2459,0.011450682044497285
2460,-0.022771582829570036
2461,-0.028852332947741033
2462,0.012828924814572318
2463,0.05218276011816414
2464,0.09420841893127907
2465,-0.008462113921140713
2466,0.010185835179136404
2467,0.01876372859342723
2468,0.047747610534685236
2469,0.07201410137731123
2470,-0.028498794333346567
2471,0.0030037607441677494
2472,0.018366792910816443
2473,-0.003583836316876088
2474,0.04834896270757305
2475,-0.025435763506084896
2476,0.02397881481648234
2477,-0.0013872457018972995
2478,0.07188745837457944
2479,-0.011458884632588706
2480,0.010803865067540386
2481,0.0076462923492908175
2482,0.0354134436604987
2483,0.026577834542036882
2484,-0.059027668390729815
2485,-0.024702251082704407
2486,0.011489604888575755
2487,-0.007566491344887183
2488,0.03402727333400435
2489,-0.043377186101063
2490,-0.03166384386368293
2491,0.03593449158802464
2492,0.02614437550515447
2493,-0.005464750380490102
2494,-0.009250698649358569
2495,-0.005142950065019747
2496,0.03577587734847398
2497,-0.004062805617151
2498,-0.024399034254608765
2499,-0.005328129187967434
2500,0.006551908440947329
2501,0.028827681539784322
2502,0.06480556096155787
2503,-0.00884509918220111
2504,-0.02995816542044416
2505,-0.0006967481072823745
2506,-0.012300437518714347
2507,0.004875963708276032
2508,0.015351084638069779
2509,-0.029592905846715922
2510,-0.054922454251583375
2511,0.0034309649222326044
2512,-0.058423750403308716
2513,0.020466973046305625
2514,0.026782459618040377
2515,-0.016326255638853482
2516,-0.04245451447744841
2517,0.022481248103211726
2518,-0.022638719964637843
2519,0.017511838160780613
2520,-0.06687380102128238
2521,0.02298046960742184
2522,0.043435386277888455
2523,0.009701684218224926
2524,-0.013955922421075684
2525,0.003928780734842263
2526,-0.013227302108742123
2527,-0.05233158566534257
2528,-0.08560843085516368
2529,0.003411696472447545
2530,0.02428852685142857
2531,0.0023194677368660876
2532,-0.0038592862213864265
2533,-0.0577215558084756
2534,-0.009035819421615798
2535,0.04388024071672447
2536,0.014796607838164277
2537,-0.06944137030817465
2538,-0.0026748276204262567
2539,0.04783877809998138
2540,-0.02550406419845963
2541,-0.03118009325604021
2542,0.013898695656308746
2543,-0.0030305301841355714
2544,0.003702680378991019
2545,0.04292879288746754
2546,-0.006315834406489529
2547,0.04338193932958667
2548,0.0007412156675563608
2549,-0.007749727198993028
2550,0.007500204929835164
2551,-0.003333620966692763
2552,-0.0621514265119778
2553,-0.024336011956341608
2554,0.015667738713133872
2555,-0.018649172756866506
2556,0.0293737331477697
2557,-0.007189054400020822
2558,-0.01891463669576332
2559,-0.012138934663861178
2560,-0.05206628845481376
2561,-0.009410297303588777
2562,-0.037847988650375086
2563,0.0042270483325967945
2564,0.004247935206112885
2565,-0.002157811766201334
2566,0.02163341063743829
2567,0.027993907251913086
2568,-0.03137582795207017
2569,0.011859664695821337
2570,0.001801155622210615
2571,-0.0014722123644013152
2572,-0.020227571699049207
2573,0.0029561092566119385
2574,-0.015009910442870478
2575,-0.025816743095603556
2576,-0.10960468291544068
2577,-0.039930188839646164
2578,0.03496657378118151
2579,0.010352967106697974
2580,0.008142486826951512
2581,-0.002760824449564936
2582,0.007733837890786077
2583,0.01724750509041506
2584,0.009321351739208339
2585,-0.005800446457154607
2586,0.014804408066392938
2587,0.0067373185026333715
2588,-0.04731073995912283
2589,0.0054412158319916415
2590,0.11062688345744753
2591,-0.0014398234837340596
2592,0.023166876517578316
2593,0.0331115827095374
2594,0.006324808965338491
2595,0.004982113681997191
2596,-0.017603393781389087
2597,-0.026921126055171385
2598,-0.0038621218328671603
2599,-0.0011120802095430093
2600,0.009185768314631915
2601,0.04563060448723988
2602,-0.013855295049898686
2603,-0.08108233071910398
2604,-0.012586526423760347
2605,0.002275138191892623
2606,-0.043054421746525406
2607,-0.03592381094835417
2608,0.03213453434150715
2609,-0.02618363461542117
2610,0.027399579951550734
2611,0.022738450595305437
2612,-0.0027852723260775036
2613,-0.03633451792442699
2614,0.13576425730332176
2615,0.02653338033252517
2616,-0.00975371593540686
2617,-0.03409447865241333
2618,-0.08128527556523579
2619,0.0066969062286332814
2620,-0.025202937052357655
2621,-0.009360315270734887
2622,0.017584738215960627
2623,0.0804608330138592
2624,-0.06254685680053029
2625,-0.016425482290646443
2626,0.002806706804667769
2627,-0.027475269974985395
2628,0.04689129940953407
2629,-0.008302471898177899
2630,0.04486546767419952
2631,-0.0046909168777933274
2632,0.020538517974936
2633,0.009274687432013096
2634,-0.022600322885967472
2635,-0.0041257618874652735
2636,0.030703791309973028
2637,0.012531246090631498
2638,0.02459372596578646
2639,0.008782716407665703
2640,0.003423715485570966
2641,0.05081317579238309
2642,0.006546412763370313
2643,0.007140599739189568
2644,-0.008527995234731023
2645,-0.03291800954258228
2646,0.016183454010016973
2647,-0.008957035540669622
2648,0.012664841243047675
2649,0.0036337857461319345
2650,-0.023144860605896156
2651,-0.052945705100574614
2652,0.006852924231532498
2653,-0.028353972258937432
2654,0.011625235289933755
2655,-0.013518646577317384
2656,-0.06574699455484989
2657,0.015198991801760542
2658,0.025576417495491555
2659,-0.030364373354540675
2660,0.015355179227128701
2661,-0.0031855728397047756
2662,-0.017657522881942
2663,0.027546268364385895
2664,0.016435294339235185
2665,-0.003097867846211244
2666,-0.02068443970831879
2667,-0.019611085251920457
2668,-0.00640161932757799
2669,-0.0004417015833446669
2670,0.02474905007609607
2671,-0.05959955698854813
2672,0.029052734994520435
2673,0.01348390672152533
2674,-0.029702353660828962
2675,-0.023452178557919368
2676,0.01980058020040154
2677,0.0015645616058179712
2678,-0.020422241840901023
2679,0.0503126775329914
2680,-0.08194136472907587
2681,-0.014713780107637575
2682,-0.015067299056939376
2683,-0.04148559878699665
2684,-0.1170549632581519
2685,0.02367869238648268
2686,-0.06962706368651972
2687,0.0038423156405116288
2688,0.00806958299328464
2689,0.027556540350856196
2690,0.039214229608877105
2691,-0.047163938825930174
2692,0.01867531097186692
2693,-0.0576896230339532
2694,0.05401747251089617
2695,-0.03742660999960279
2696,0.007896156156526501
2697,0.029840116535785555
2698,-0.041229610336666056
2699,0.018949781767068075
2700,-0.0031485281301595336
2701,-0.010033699544871766
2702,-0.02209788902256271
2703,0.006522241153914976
2704,0.02166399017895948
2705,0.07459222816391886
2706,0.002075607477006969
2707,-0.06474693067083415
2708,0.022182633910983185
2709,-0.025365289710190808
2710,0.004317415368904065
2711,0.0024689858570869916
2712,0.04779217112896639
2713,-0.0068833346588697
2714,-0.03067294698343126
2715,-0.0033934595457960626
2716,-0.03474221923779908
2717,-0.025173197410301995
2718,-0.058001081518820996
2719,-0.17405255177667023
2720,-0.012556416941055915
2721,0.016349175083862022
2722,-0.10211240133010335
2723,0.00439781088256197
2724,-0.07366571122488885
2725,0.077653019524071
2726,0.0022484805325770907
2727,0.005376928208097098
2728,-0.03556200532463194
2729,0.0535199496525518
2730,0.006889809613761955
2731,0.012668381046625043
2732,-0.02234031636729661
2733,-0.013975180844797208
2734,-0.022179692795420536
2735,-0.008746512259888206
2736,-0.016009711756280964
2737,-0.026393611667963057
2738,-0.001407955856373988
2739,0.002844903976512825
2740,0.047275427183008034
2741,-0.002035878126305235
2742,0.017582449257883326
2743,0.05165639338861894
2744,0.004313222712422515
2745,-0.00641274116384416
2746,-0.03447747972502668
2747,-0.04359596339476646
2748,-0.032915621389021155
2749,0.0449367599448216
2750,0.017549651263241373
2751,0.012868197042893215
2752,0.016846296291969765
2753,-0.01958489970974675
2754,0.07891967823012891
2755,0.03940528200341831
2756,-0.0067652436363694335
2757,-0.0028926217700480095
2758,-0.019601945764883055
2759,-0.011044710597188256
2760,0.006375470790258575
2761,-0.05675565978203245
2762,-0.00572504382684258
2763,0.07659542154936183
2764,0.03905783089201442
2765,-0.0016476446914399645
2766,-0.006254683466181632
2767,-0.013589886059607537
2768,-0.0009730647082903943
2769,-0.014520247082613125
2770,-0.0057440617075421585
2771,-0.009479525568520941
2772,0.02867589908816015
2773,-0.014185359813053466
2774,0.009303252730044065
2775,0.026971545344579795
2776,-0.02747099349637594
2777,0.033256795053882016
2778,0.00041276206736817755
2779,0.018415982056897207
2780,0.0008704221288589054
2781,-0.004297383077330963
2782,-0.00752687118445472
2783,-0.010565706274135778
2784,-0.023181944883864603
2785,-0.005295957030778453
2786,-0.10602664190168731
2787,0.013724431302662765
2788,0.017239723512556537
2789,-0.006298802571624407
2790,0.006018593854664189
2791,-0.006200333278529868
2792,0.009577016652956516
2793,-0.06408571655966355
2794,-0.01083244981392717
2795,-0.02142993430725504
2796,0.03413499162998335
2797,-0.025001327783567007
2798,0.012696624168793136
2799,0.0038518173635360142
2800,-0.0078494796911599
2801,-0.006918477935498046
2802,0.007766470822270222
2803,-0.00876115199617189
2804,-0.05044806467236107
2805,0.023745153749135994
2806,0.0020460703035372063
2807,0.10086009766789061
2808,0.013905238413398635
2809,0.004083651963044943
2810,0.027242163871664005
2811,-0.09728219892342338
2812,-0.0027439686753734094
2813,-0.027034586241262204
2814,0.0036162281734331003
2815,0.017794492715736965
2816,-0.0358128060475007
2817,0.006396912022912815
2818,-0.034000477547087016
2819,-0.01834481351522399
2820,0.04564167754912951
2821,-0.0059885762967120115
2822,-0.018864440709329244
2823,-0.007149858037086787
2824,0.022121968157295058
2825,-0.0058500341701694936
2826,0.016409099157190354
2827,0.007504185755092152
2828,-0.007243323491751497
2829,-0.00617871650655033
2830,-0.013973887936277407
2831,0.02997417630734489
2832,0.035702295702778386
2833,-0.008698206075026249
2834,-0.010234041758595325
2835,-0.02068782806747471
2836,-0.006687387417162682
2837,0.0015365479891418232
2838,-0.01580535214708867
2839,-0.00471640371270432
2840,0.0055498963744717855
2841,0.011700026522296625
2842,-0.010228526229370871
2843,-0.0061705466755910265
2844,0.010458171486817491
2845,0.01456349413146718
2846,-0.011127327349329974
2847,-0.010130621895941161
2848,-0.004492679159129764
2849,0.0062119106533931046
2850,0.001861391394053058
2851,0.018508150954172464
2852,-0.011381303255268094
2853,0.038050125599863094
2854,0.03301719435894768
2855,-0.0236079843216217
2856,0.015142492579418132
2857,0.010775490653264441
2858,-0.008822978719624786
2859,-0.006799218852899358
2860,-0.0005124320157943174
2861,-0.01603042401585597
2862,0.002501116490787325
2863,0.04533199824767209
2864,0.006385182519711208
2865,-0.016878487268053632
2866,-0.01558785986522615
2867,-0.10542864681146114
2868,-0.15488954817014822
2869,0.10203740901128455
2870,-0.03191845360130152
2871,-0.013898139747380966
2872,-0.02689670498469887
2873,0.01606473240459927
2874,0.01590431717951546
2875,-0.012825680370736947
2876,0.0010839194206493374
2877,0.000614627845701321
2878,0.0008242927596793237
2879,-0.02543603029442032
2880,-0.031459062587073205
2881,0.025174715080391152
2882,0.025667956985737206
2883,-0.00037586363225727837
2884,-0.00498837489510251
2885,-0.0034899891216237933
2886,-0.001194466804580685
2887,-0.013918848240971116
2888,0.01394046411034644
2889,0.04305976658394428
2890,-0.011802068595368809
2891,0.0071369860458059264
2892,-0.010614234867796668
2893,0.01305884246336575
2894,-0.009128269217153928
2895,0.006733035250819697
2896,-0.014224977832437702
2897,0.02261420008103876
2898,-0.00583837050588798
2899,-0.00025846420531472347
2900,-0.0014331967973895132
2901,0.005959927912305929
2902,0.03286478873072873
2903,0.001928930642170812
2904,-0.025628381021023827
2905,-0.04218980898150093
2906,0.008827572352892332
2907,-0.0022123311713588834
2908,-0.01917645189485384
2909,0.027988705082472976
2910,-0.005264509420177532
2911,0.0007612154110798741
2912,-0.0019858084288220113
2913,0.003019956154723502
2914,-0.00034250967397042587
2915,0.004609855984671896
2916,-0.012048246868378243
2917,-0.009895050300251285
2918,0.00540864482552017
2919,-0.0023916958787602027
2920,-0.0033236656495585493
2921,0.004677606311577875
2922,0.0038057006847047603
2923,-0.0005162548994981364
2924,0.010934153962034898
2925,-0.001572817718438202
2926,0.006820792235552986
2927,0.00018340582830411734
2928,0.007993082349020852
2929,0.006148589187306541
2930,0.014418133870886862
2931,0.027621150497731506
2932,0.050803180490186506
2933,0.053649212803669855
2934,0.052192440560840936
2935,-0.0045631527773633
2936,0.01373771995227635
2937,-0.00038332437933341623
2938,-0.022592831153300352
2939,0.01905533410289806
2940,0.07268455261104734
2941,0.004447222994452105
2942,-0.0025147902304318848
2943,0.009375442198569672
2944,-0.013077079200906283
2945,0.02104318470132327
2946,-0.003687148593844114
2947,0.0019930464741655385
2948,-0.0020663143130938977
2949,0.03177133538504506
2950,-0.040096914665952
2951,0.013012288539513861
2952,0.02494573459000371
2953,-0.010674749877368939
2954,-0.0009611362476711349
2955,-0.005022313742864881
2956,-0.016254488231275843
2957,-0.008555376421284677
2958,0.021910195714932357
2959,-0.014063722484005226
2960,-0.050072947921117716
2961,-0.007722817724904019
2962,0.010095720621825066
2963,-0.003787160762945163
2964,0.0009128497942381131
2965,0.018747466050136552
2966,0.089770007863196
2967,-0.02855810148156479
2968,0.03910624942609964
2969,0.00307582364881398
2970,-0.012809719094438066
2971,0.02040504474431515
2972,-0.015946381537723653
2973,-0.010180396881002807
2974,-0.010027916762018307
2975,-0.03179206740644425
2976,-0.0009812480831641324
2977,0.016511545833870045
2978,-0.0016286524916946377
2979,-0.0160927308751031
2980,0.021336804939162235
2981,-0.00726135020948071
2982,-0.048562425729771874
2983,-0.0004173035221199939
2984,0.003668954675324798
2985,-0.0002565841781922984
2986,-0.009406138966042477
2987,-0.022837315061131847
2988,-0.06442451332853238
2989,-0.008669656883114385
2990,0.02181222124411164
2991,0.07160391184532955
2992,0.0877836343684848
2993,0.022416164797506966
2994,-0.015069419825618269
2995,0.027387721969649448
2996,0.09043081735478786
2997,-0.016843655914946964
2998,0.03901251239696357
2999,-0.009728058677074714
3000,0.014607259457310562
3001,-0.03130493478602503
3002,0.036902430921442075
3003,-0.03011973318555583
3004,5.1715836265842086e-05
3005,0.018008477903471487
3006,-0.030997440056031778
3007,0.004714100093913487
3008,0.03885339931269094
3009,-0.01116959874133272
3010,0.015746414888454296
3011,-0.00237123642140169
3012,-0.007480171844974848
3013,-0.014613274150395483
3014,0.013505585874638015
3015,0.000351205704706814
3016,-0.004761257346579839
3017,-0.0042266008962954515
3018,0.0007851839396586513
3019,0.013690692528907533
3020,0.04553364675738969
3021,0.01943948956433239
3022,-0.0031803678161335114
3023,0.00859013376828166
3024,0.002845797962017116
3025,-0.005499737167522056
3026,-0.00010359312238605867
3027,-0.029128723276819812
3028,0.03183646099781612
3029,-0.05319953662867327
3030,-0.02021112661928015
3031,-0.03491087727171305
3032,0.019624756556398282
3033,-0.008161741227379338
3034,-0.0023965485595702773
3035,0.02802320777395373
3036,0.004057925868579559
3037,0.036313132862295205
3038,-0.004540602889752776
3039,-0.0031328032278832296
3040,0.0006944394889973893
3041,-0.04105285621101551
3042,0.02074927029112139
3043,0.011294600825028311
3044,-0.005482697825375027
3045,0.023524523635352068
3046,-0.02155362050914711
3047,-0.015678412319992674
3048,-0.027097480312589184
3049,-0.0012826051136460848
3050,-0.0013393336115541388
3051,-0.022737627872803756
3052,-0.0072780171559241325
3053,-0.0007804618022575482
3054,0.005457011385946231
3055,0.00968368817972376
3056,-0.005754943306691018
3057,0.013305949198469946
3058,-0.020896322938492418
3059,0.002156270430170082
3060,0.008865600285433928
3061,-0.013947366814537787
3062,0.0036358955711435215
3063,0.013848962643425722
3064,-0.033270400187896954
3065,0.005354526205138654
3066,0.009139332662057242
3067,0.005563330344848794
3068,0.044309499753600434
3069,-0.01217111210733357
3070,-0.0015702994220330169
3071,-0.017577792723265873
3072,-0.014792581991187603
3073,0.01589161106579695
3074,-0.006422915434420418
3075,0.0016214839753008192
3076,-0.05141034569889236
3077,0.0558151185623359
3078,-0.03332542412080919
3079,0.006138366063705547
3080,-0.0010508601377399174
3081,-0.024045314677472618
3082,0.003434076224344551
3083,-0.0014531650030544796
3084,0.000626326955973866
3085,-0.03111535403261989
3086,0.017819375410116578
3087,0.028942773265370647
3088,0.006934900793206467
3089,-0.006602603438313537
3090,0.019359247201741425
3091,0.05352849528514092
3092,0.058274213206820136
3093,-0.0038377235796946962
3094,0.025845905768154154
3095,-0.004793067902493675
3096,-0.0022426607224286244
3097,-0.006884835938176792
3098,0.013682563415242655
3099,-0.019808917913037405
3100,0.01186519753773041
3101,0.0010472432791654995
3102,0.0036951443630783842
3103,0.0010028094691438838
3104,0.01734242631795979
3105,-0.012234379050443778
3106,-0.008595533521292609
3107,-0.020020299639947226
3108,0.014370909980298663
3109,-0.0016401345457062178
3110,-0.004012544787340033
3111,0.008029538805166325
3112,0.006765948365584862
3113,-0.0075166695389672356
3114,0.03505911799946482
3115,-0.036955452769761976
3116,-0.0012621409438580145
3117,-0.001541791528486769
3118,-0.0034189652941130078
3119,-0.009643886494909992
3120,0.0019193869502824867
3121,-0.0040836263076453605
3122,0.003910458253166382
3123,-0.004589155219131058
3124,0.010449658783391769
3125,-0.030633538164858365
3126,0.001728455480240143
3127,0.0043556533334641045
3128,-0.0049272385842940025
3129,0.0037094442045351173
3130,0.0012840607690716155
3131,-0.002783773787438548
3132,-0.001545062822442489
3133,0.015130233826088357
3134,-0.017807507516909737
3135,0.0009161807791748799
3136,-0.0035908335462959684
3137,-0.001100031889921027
3138,-9.347994529562698e-06
3139,0.0047652738023771235
3140,0.01984638697905261
3141,-0.006877101417060771
3142,-0.004471948989328567
3143,-0.0010837469218056839
3144,0.0006206039371345895
3145,-0.00453334072444278
3146,0.004277614074716496
3147,-0.00812912011875433
3148,-0.016193584838703146
3149,-0.07362412009606345
3150,-0.02333424865381062
3151,0.0017891559507905441
3152,0.003571869420106566
3153,-0.0025019588646060242
3154,-0.0035464695192519713
3155,0.015248455549160767
3156,-0.010239565761125391
3157,-0.004393992436940053
3158,-0.0015062619864458782
3159,0.0031183650409936092
3160,0.0006305878251211539
3161,0.06024989257085167
3162,-0.015634289371323717
3163,-0.05132914544958922
3164,-0.005054814300672561
3165,0.0026349868784762975
3166,0.003887765541687571
3167,-0.006069712504034541
3168,-0.001257301424429258
3169,-0.0010380138015939622
3170,0.018732105501950258
3171,-0.012831149860508262
3172,-0.0003851855630792045
3173,-0.0024532679048565598
3174,-0.02626188106748195
3175,0.026305127952918284
3176,0.015173852958685785
3177,0.011800835130971521
3178,0.00259724140931894
3179,-0.0015199103541192471
3180,-0.0012840741866497751
3181,0.008260511389751812
3182,0.016931102662432806
3183,-0.0029114788993922502
3184,-0.02102046771669741
3185,0.0004491505408559249
3186,-6.6869020169946225e-06
3187,-0.012210127075315214
3188,0.0015851607862167327
3189,-0.0030935695955243148
3190,0.00515378285278878
3191,0.025063206234960944
3192,-0.004072674570299029
3193,0.0020859581206860156
3194,0.03697612085638191
3195,-0.01631914578851479
3196,-0.003668317065944393
3197,0.01337771930248266
3198,-0.013890662255843012
3199,0.019171883788155597
3200,0.0007955652201818708
3201,-0.0012074286830614511
3202,-0.012659387727927296
3203,-0.007009006012591357
3204,-0.019081220842270596
3205,-0.00434538164717857
3206,0.003938005783231446
3207,-2.4866641728849004e-05
3208,0.01103076031587058
3209,0.048854397304765484
3210,-0.0036433994327751407
3211,-0.003080719749686267
3212,0.013724231161472034
3213,0.032985768982552344
3214,0.00790129991607813
3215,0.002519829955234698
3216,0.09812340552916154
3217,0.02434275178777412
3218,0.017581001125126505
3219,-0.010083818433932024
3220,-0.007253169256571823
3221,0.005287514961398898
3222,0.013082482218138125
3223,-0.0010462557765205105
3224,0.004782938801692893
3225,0.021952875620689483
3226,-0.014181643038138958
3227,-0.005911206955145687
3228,0.010022958693683748
3229,-0.0009365213169942876
3230,-0.00034198701250787167
3231,0.011526405303600384
3232,0.0059555252934746505
3233,0.02869223982446556
3234,0.016778346050335458
3235,-0.004725682318408531
3236,-0.002251742592081385
3237,-0.015013537055029502
3238,-0.02678435783979438
3239,0.0638461992762771
3240,-0.046629756190665006
3241,0.012148746966680335
3242,-0.0003000850156649193
3243,0.021653391391504684
3244,0.0024153344549944222
3245,-0.04539262192194826
3246,0.044201389467836805
3247,-0.0038199994154339834
3248,0.01148288092363181
3249,0.002026342935600667
3250,-0.00844024984109204
3251,-0.0060201767439203024
3252,0.015367313611232447
3253,0.0007241750284947557
3254,-0.003857188998471983
3255,0.02555073011462916
3256,0.02015244313871989
3257,0.012637770520489866
3258,0.04885656688656326
3259,0.048825234559730646
3260,-0.007610515703399656
3261,-0.010427160036986294
3262,0.019985683234800433
3263,-0.010026349184727223
3264,0.0012276882664217226
3265,-0.0596686466968368
3266,0.004991678164291358
3267,0.034162749571038376
3268,0.003101461159202401
3269,-0.0257616788095838
3270,0.0073746285491580466
3271,-0.02094342240847169
3272,0.029979669511789098
3273,-0.008316570718614358
3274,0.03216473724475044
3275,0.004956565640048538
3276,0.0029305657871940838
3277,-0.005889392398977122
3278,-0.01667770259648016
3279,0.013783631646973049
3280,-0.025374479539831185
3281,0.02146239120433968
3282,-0.01893848326303349
3283,-0.012474379352008569
3284,0.0013648832366826014
3285,0.0025653289520555234
3286,0.0440216648373255
3287,0.0177426040136055
3288,-0.04806495357875562
3289,0.03060735771828682
3290,-0.0003900828451524063
3291,-0.003936304127510226
3292,-0.0010484808007760194
3293,0.06662426635587337
3294,-0.017845417106437722
3295,0.010522032751948629
3296,-0.005574241147522585
3297,-0.07884262883299442
3298,-0.00025170866418555704
3299,-0.02472077535535888
3300,0.016978564046420175
3301,0.015011364505806313
3302,-0.009599712825862028
3303,-0.03525390600437994
3304,0.008599127738074586
3305,0.001132983453546288
3306,-0.0028794349245568895
3307,-0.05030891028125595
3308,0.008523584257922323
3309,0.005793705727986875
3310,-0.0035811572894939303
3311,0.04607657449481728
3312,0.007224112855396925
3313,-0.002007256017307668
3314,0.029364415736914395
3315,-0.007783744989936281
3316,-0.008651552809046947
3317,0.011514890294240132
3318,0.0025523745302447054
3319,-0.004493245492151132
3320,-0.00955108622874512
3321,0.001761707531647616
3322,0.009936804708699398
3323,0.028228646210280317
3324,0.021945671282114887
3325,0.039932995408412
3326,0.013149960695063356
3327,0.010881064258583706
3328,0.033881478531652576
3329,-0.0043285887601172135
3330,0.04104684951040838
3331,0.002156009229107525
3332,0.004258432609761442
3333,-0.009578029497786744
3334,0.008855834280712571
3335,-0.006610163694045212
3336,0.00971967933731932
3337,-0.008560904315229934
3338,-0.010358547640015203
3339,-0.011231806115512555
3340,0.016405594130217693
3341,0.003139013368237187
3342,0.05251118765694507
3343,0.04593621644047374
3344,0.09069529297704193
3345,-0.021122414270019263
3346,0.02009546578842425
3347,-0.006600547312091365
3348,0.018172204659013147
3349,0.0785670808490071
3350,-0.06858298181492017
3351,0.0354997002008659
3352,0.012308140052516237
3353,0.02033131223698703
3354,0.0029062966320196892
3355,0.007575825657205826
3356,0.043992298582747225
3357,-0.008949836049348292
3358,0.022166899064075096
3359,-0.023352461458381768
3360,-0.028308923292000188
3361,-0.060717725206297146
3362,0.0460122407046093
3363,-0.012388507554367933
3364,-0.08712073185700753
3365,0.0925108529687737
3366,-0.03631867422621404
3367,-0.026498446652158947
3368,0.004434288665400743
3369,0.048327093150678735
3370,0.039725047694879834
3371,0.00041477860656335963
3372,-0.007637444542950789
3373,0.018397189971880223
3374,-0.012118158012203395
3375,-0.0035477570486825982
3376,0.023952858696302926
3377,-0.023137002333259105
3378,-0.06299090436988486
3379,0.008123743073319645
3380,0.03759886271186197
3381,-0.009845630418288565
3382,0.015482496362563936
3383,0.006747455363626642
3384,0.03218579409702116
3385,-0.03541376120378814
3386,0.020739301242535646
3387,-0.007497782584511725
3388,-0.04174897018143575
3389,-0.051522049715234886
3390,0.02959850149495935
3391,-0.035810999496508344
3392,0.006061920177229396
3393,-0.040539585349945284
3394,0.035841202086146495
3395,0.005195142876912584
3396,0.01786587188650479
3397,-0.0010436624765670643
3398,0.029008901759276284
3399,-0.00646039848991542
3400,-0.03260630131627096
3401,0.0031812827691908296
3402,-0.01132893521901579
3403,-0.005286917956356163
3404,-0.004835296290155
3405,0.011467091787556782
3406,-0.05149462971654195
3407,-0.04008992348065732
3408,0.014814392549697075
3409,0.061757206498247896
3410,0.015801344389048566
3411,0.002183511056964349
3412,-0.0136673647637231
3413,-0.013181929995647934
3414,-0.018569986258492932
3415,0.029977308604179242
3416,-0.03645645463548952
3417,1.535686675779857e-05
3418,0.010711364152793834
3419,0.023371494237876433
3420,-0.02167403811158053
3421,0.07380429766149987
3422,-0.01575572439715245
3423,0.02752283490504759
3424,-0.0016578568052914022
3425,-0.00994515955321873
3426,0.07510908882529854
3427,-0.0185288571822948
3428,-0.014565869510185792
3429,-0.017406596587758116
3430,0.00874339466804841
3431,0.010738658385429645
3432,-0.01085552305803894
3433,0.012710548993759119
3434,-0.015953999045956735
3435,-0.01057052909384737
3436,0.011577009906272195
3437,-0.012860492770807141
3438,0.003188258104856345
3439,0.0006594499605228066
3440,0.015425138658129
3441,0.025300225248924946
3442,0.007272217816602478
3443,-0.0045918902720174515
3444,-0.020194557079891595
3445,-0.0005310196389043398
3446,0.0049256591265880445
3447,-0.0019504270460224404
3448,-0.03186737491787994
3449,0.013412234174300153
3450,-0.021998155421160348
3451,-0.01122733440538859
3452,0.0027216870164856743
3453,0.0067461931212005055
3454,-0.002234669798733435
3455,-0.020505771883152946
3456,-0.002773987515325871
3457,-0.002028534277712879
3458,-0.011362664075990736
3459,0.0024367818200783375
3460,-0.016821441362001366
3461,-0.04704293399341175
3462,0.025020978589857634
3463,-0.016203198264060248
3464,0.01296454786345791
3465,-0.02107381200861269
3466,0.009359920064692773
3467,0.02898927273172447
3468,0.0027672625269055118
3469,-0.013180176056291515
3470,-0.03036320250661717
3471,-0.05457904895434851
3472,-0.005549607840752202
3473,0.02855238562508866
3474,-0.04300921718932038
3475,0.015210533790654068
3476,0.022737964112149456
3477,-0.004608673369846272
3478,-0.006909245978269141
3479,0.00962398455810387
3480,0.022753003242582892
3481,0.02592785026300426
3482,0.06499862039498083
3483,0.0034931297826741314
3484,-0.015143242454824346
3485,-0.002259714160352644
3486,0.041879420109635745
3487,0.006774946348331312
3488,0.014645375370143654
3489,-0.00838776669011132
3490,-0.024831503546284495
3491,-0.008462196557577073
3492,0.006177613679945182
3493,0.03193999219319821
3494,-0.0014547988961393088
3495,0.006504525639671854
3496,-0.02126224566408652
3497,-0.009305346230673806
3498,-0.024183450577487164
3499,0.011359846111043126
3500,-0.06221701386487055
3501,-0.012039486792085441
3502,-0.04315788272420917
3503,-0.07363198582120134
3504,0.03713846509911711
3505,-0.018131945621423284
3506,0.11461585743295721
3507,-0.013541633552666354
3508,0.0010785754296183114
3509,-0.03721354652343756
3510,0.010756599640608044
3511,0.02092453927711624
3512,-0.03137830139166553
3513,-0.02024486209713494
3514,0.02291143010134178
3515,0.00988184063726294
3516,-0.016870237926472242
3517,0.017113663556006742
3518,-0.008112024604757906
3519,0.03598748777475258
3520,-0.013052114105544632
3521,0.059666677789925515
3522,0.001319630813085837
3523,0.0024052261605422842
3524,-0.02284251207913357
3525,-0.055192877560907405
3526,-0.008040214509268395
3527,0.006089656742739535
3528,-0.004534788620027541
3529,-0.0025333050495834897
3530,-0.028281771257720578
3531,0.030696731082649364
3532,-0.0288574422367045
3533,0.009367548966837447
3534,-0.031738730145491445
3535,-0.04017885990553971
3536,0.003532917856169604
3537,0.012880905395702413
3538,0.038945513665446185
3539,0.010973955159395032
3540,-0.005314110423380924
3541,0.013576697629400059
3542,0.04119072290725079
3543,-0.009391286288542133
3544,-0.013798343779418687
3545,-0.016874951656181025
3546,0.035717088660708995
3547,0.021994330568393394
3548,0.020721119053916937
3549,0.004004011647404937
3550,0.003189303016478462
3551,0.003996604788030211
3552,-0.005023067643080026
3553,0.015234244172185996
3554,-0.018185964558888656
3555,0.03176403065562461
3556,0.009309629648678097
3557,0.001473050355761174
3558,-0.003837262677613751
3559,-0.03576247704956792
3560,-0.040152970417249634
3561,-0.0033625289659386937
3562,0.002086085373775859
3563,0.021300283559387623
3564,0.0003620026164998791
3565,0.011672701783517425
3566,-0.00931261159307084
3567,-0.0016835665376202513
3568,-0.025261155468463414
3569,-0.005090366975952776
3570,0.035378479360446136
3571,0.011906298332258203
3572,-0.00542109412935865
3573,0.04958054928829014
3574,0.01495264242203831
3575,0.008490108547450248
3576,-0.0031535287872266338
3577,0.015004897049664123
3578,-0.0008196237215276625
3579,0.009303330181939629
3580,-0.023963262921302686
3581,-9.567799317800052e-05
3582,-0.013890438213698175
3583,0.025691547967452877
3584,-0.02253213347279548
3585,0.005570705733250136
3586,0.013555484057567568
3587,0.02870921510255542
3588,0.039446590577762564
3589,-0.00525236341818669
3590,-0.02980622089692453
3591,-0.010490161236779372
3592,-0.002784362785529737
3593,-0.007942586110248229
3594,-0.013615611362265412
3595,0.022572112490930607
3596,0.08666903126846393
3597,0.0035076496874797414
3598,0.008404323339316733
3599,0.003044406381334852
3600,0.04700704537184386
3601,0.09734014312496164
3602,-0.008442066269106263
3603,0.029444850487761798
3604,-0.03749692231881241
3605,0.04280211829142644
3606,-0.005588812244118557
3607,-0.007900350440317894
3608,0.007725465406075216
3609,0.01969754318365169
3610,0.02138144499843264
3611,0.04320463738221214
3612,0.0049917220950614904
3613,-0.012404002529793345
3614,0.0024162403264789134
3615,-0.051409637293289734
3616,-0.012069852534281722
3617,0.04232881330495708
3618,-0.0032363100031336245
3619,0.018736162907208254
3620,-0.010442730465097583
3621,0.008576311620290156
3622,-0.01464711979836153
3623,0.0014266034685608275
3624,0.028408310872006126
3625,-0.022266865312221995
3626,0.03386480176780893
3627,2.6270484823953666e-05
3628,0.013051327819740166
3629,-0.038292503466212935
3630,-0.007802793553988607
3631,0.04547294957076353
3632,-0.011232138149603443
3633,0.014057223472295988
3634,-0.0008508417934169898
3635,0.02845237769652975
3636,0.016460567443029817
3637,0.0010452246330352466
3638,-0.05917915465376922
3639,-0.025825905125143933
3640,0.002714273553184654
3641,-0.005448791172121048
3642,-0.02204418038201439
3643,-0.004412175449120426
3644,0.0412739940682787
3645,0.006294761562736895
3646,-0.03592159329680378
3647,-0.01716880486495498
3648,0.010553910906912378
3649,-0.01731631736860173
3650,-0.009528989191728954
